,Date,LastTransaction,Max,Min,Avg,%Prom,Amount,BEST,Total
0,07.11.2024,"18.000,00",0,0,"18.000,00","0,00",0,0.0,0.0
1,06.11.2024,"18.000,00",0,0,"18.000,00","0,00",0,0.0,0.0
2,05.11.2024,"18.000,00",0,0,"18.000,00","0,00",0,0.0,0.0
3,04.11.2024,"18.000,00",0,0,"18.000,00","0,00",0,0.0,0.0
4,01.11.2024,"18.000,00",0,0,"18.000,00","0,00",0,0.0,0.0
5,31.10.2024,"18.000,00",0,0,"18.000,00","0,00",0,0.0,0.0
6,30.10.2024,"18.000,00",0,0,"18.000,00","0,00",0,0.0,0.0
7,29.10.2024,"18.000,00",0,0,"18.000,00","0,00",0,0.0,0.0
8,28.10.2024,"18.000,00",0,0,"18.000,00","0,00",0,0.0,0.0
9,25.10.2024,"18.000,00",0,0,"18.000,00","0,00",0,0.0,0.0
10,24.10.2024,"18.000,00",0,0,"18.000,00","0,00",0,0.0,0.0
11,22.10.2024,"18.000,00",0,0,"18.000,00","0,00",0,0.0,0.0
12,21.10.2024,"18.000,00",0,0,"18.000,00","0,00",0,0.0,0.0
13,18.10.2024,"18.000,00",0,0,"18.000,00","0,00",0,0.0,0.0
14,17.10.2024,"18.000,00",0,0,"18.000,00","0,00",0,0.0,0.0
15,16.10.2024,"18.000,00",0,0,"18.000,00","0,00",0,0.0,0.0
16,15.10.2024,"18.000,00",0,0,"18.000,00","0,00",0,0.0,0.0
17,14.10.2024,"18.000,00",0,0,"18.000,00","0,00",0,0.0,0.0
18,10.10.2024,"18.000,00",0,0,"18.000,00","0,00",0,0.0,0.0
19,09.10.2024,"18.000,00",0,0,"18.000,00","0,00",0,0.0,0.0
20,08.10.2024,"18.000,00",0,0,"18.000,00","0,00",0,0.0,0.0
21,07.10.2024,"18.000,00",0,0,"18.000,00","0,00",0,0.0,0.0
22,04.10.2024,"18.000,00",0,0,"18.000,00","0,00",0,0.0,0.0
23,03.10.2024,"18.000,00",0,0,"18.000,00","0,00",0,0.0,0.0
24,02.10.2024,"18.000,00",0,0,"18.000,00","0,00",0,0.0,0.0
25,01.10.2024,"18.000,00",0,0,"18.000,00","0,00",0,0.0,0.0
26,30.9.2024,"18.000,00",0,0,"18.000,00","0,00",0,0.0,0.0
27,27.9.2024,"18.000,00",0,0,"18.000,00","0,00",0,0.0,0.0
28,26.9.2024,"18.000,00",0,0,"18.000,00","0,00",0,0.0,0.0
29,25.9.2024,"18.000,00",0,0,"18.000,00","0,00",0,0.0,0.0
30,24.9.2024,"18.000,00",0,0,"18.000,00","0,00",0,0.0,0.0
31,23.9.2024,"18.000,00",0,0,"18.000,00","0,00",0,0.0,0.0
32,20.9.2024,"18.000,00",0,0,"18.000,00","0,00",0,0.0,0.0
33,19.9.2024,"18.000,00",0,0,"18.000,00","0,00",0,0.0,0.0
34,18.9.2024,"18.000,00",0,0,"18.000,00","0,00",0,0.0,0.0
35,17.9.2024,"18.000,00",0,0,"18.000,00","0,00",0,0.0,0.0
36,16.9.2024,"18.000,00",0,0,"18.000,00","0,00",0,0.0,0.0
37,13.9.2024,"18.000,00",0,0,"18.000,00","0,00",0,0.0,0.0
38,12.9.2024,"18.000,00",0,0,"18.000,00","0,00",0,0.0,0.0
39,11.9.2024,"18.000,00",0,0,"18.000,00","0,00",0,0.0,0.0
40,10.9.2024,"18.000,00",0,0,"18.000,00","0,00",0,0.0,0.0
41,06.9.2024,"18.000,00",0,0,"18.000,00","0,00",0,0.0,0.0
42,05.9.2024,"18.000,00",0,0,"18.000,00","0,00",0,0.0,0.0
43,04.9.2024,"18.000,00",0,0,"18.000,00","0,00",0,0.0,0.0
44,03.9.2024,"18.000,00",0,0,"18.000,00","0,00",0,0.0,0.0
45,02.9.2024,"18.000,00",0,0,"18.000,00","0,00",0,0.0,0.0
46,30.8.2024,"18.000,00",0,0,"18.000,00","0,00",0,0.0,0.0
47,29.8.2024,"18.000,00",0,0,"18.000,00","0,00",0,0.0,0.0
48,27.8.2024,"18.000,00",0,0,"18.000,00","0,00",0,0.0,0.0
49,26.8.2024,"18.000,00",0,0,"18.000,00","0,00",0,0.0,0.0
50,23.8.2024,"18.000,00",0,0,"18.000,00","0,00",0,0.0,0.0
51,22.8.2024,"18.000,00",0,0,"18.000,00","0,00",0,0.0,0.0
52,21.8.2024,"18.000,00",0,0,"18.000,00","0,00",0,0.0,0.0
53,20.8.2024,"18.000,00",0,0,"18.000,00","0,00",0,0.0,0.0
54,19.8.2024,"18.000,00",0,0,"18.000,00","0,00",0,0.0,0.0
55,16.8.2024,"18.000,00",0,0,"18.000,00","0,00",0,0.0,0.0
56,15.8.2024,"18.000,00",0,0,"18.000,00","0,00",0,0.0,0.0
57,14.8.2024,"18.000,00",0,0,"18.000,00","0,00",0,0.0,0.0
58,13.8.2024,"18.000,00",0,0,"18.000,00","0,00",0,0.0,0.0
59,12.8.2024,"18.000,00",0,0,"18.000,00","0,00",0,0.0,0.0
60,09.8.2024,"18.000,00",0,0,"18.000,00","0,00",0,0.0,0.0
61,08.8.2024,"18.000,00",0,0,"18.000,00","0,00",0,0.0,0.0
62,07.8.2024,"18.000,00",0,0,"18.000,00","0,00",0,0.0,0.0
63,06.8.2024,"18.000,00",0,0,"18.000,00","0,00",0,0.0,0.0
64,05.8.2024,"18.000,00",0,0,"18.000,00","0,00",0,0.0,0.0
65,01.8.2024,"18.000,00",0,0,"18.000,00","0,00",0,0.0,0.0
66,31.7.2024,"18.000,00",0,0,"18.000,00","0,00",0,0.0,0.0
67,30.7.2024,"18.000,00",0,0,"18.000,00","0,00",0,0.0,0.0
68,29.7.2024,"18.000,00",0,0,"18.000,00","0,00",0,0.0,0.0
69,26.7.2024,"18.000,00",0,0,"18.000,00","0,00",0,0.0,0.0
70,25.7.2024,"18.000,00",0,0,"18.000,00","0,00",0,0.0,0.0
71,24.7.2024,"18.000,00",0,0,"18.000,00","0,00",0,0.0,0.0
72,23.7.2024,"18.000,00",0,0,"18.000,00","0,00",0,0.0,0.0
73,22.7.2024,"18.000,00",0,0,"18.000,00","0,00",0,0.0,0.0
74,19.7.2024,"18.000,00",0,0,"18.000,00","0,00",0,0.0,0.0
75,18.7.2024,"18.000,00",0,0,"18.000,00","0,00",0,0.0,0.0
76,17.7.2024,"18.000,00",0,0,"18.000,00","0,00",0,0.0,0.0
77,16.7.2024,"18.000,00",0,0,"18.000,00","0,00",0,0.0,0.0
78,15.7.2024,"18.000,00",0,0,"18.000,00","0,00",0,0.0,0.0
79,12.7.2024,"18.000,00",0,0,"18.000,00","0,00",0,0.0,0.0
80,11.7.2024,"18.000,00",0,0,"18.000,00","0,00",0,0.0,0.0
81,10.7.2024,"18.000,00",0,0,"18.000,00","0,00",0,0.0,0.0
82,09.7.2024,"18.000,00",0,0,"18.000,00","0,00",0,0.0,0.0
83,08.7.2024,"18.000,00",0,0,"18.000,00","0,00",0,0.0,0.0
84,05.7.2024,"18.000,00",0,0,"18.000,00","0,00",0,0.0,0.0
85,04.7.2024,"18.000,00",0,0,"18.000,00","0,00",0,0.0,0.0
86,03.7.2024,"18.000,00",0,0,"18.000,00","0,00",0,0.0,0.0
87,02.7.2024,"18.000,00",0,0,"18.000,00","0,00",0,0.0,0.0
88,01.7.2024,"18.000,00",0,0,"18.000,00","0,00",0,0.0,0.0
89,28.6.2024,"18.000,00",0,0,"18.000,00","0,00",0,0.0,0.0
90,27.6.2024,"18.000,00",0,0,"18.000,00","0,00",0,0.0,0.0
91,26.6.2024,"18.000,00",0,0,"18.000,00","0,00",0,0.0,0.0
92,25.6.2024,"18.000,00",0,0,"18.000,00","0,00",0,0.0,0.0
93,24.6.2024,"18.000,00",0,0,"18.000,00","0,00",0,0.0,0.0
94,20.6.2024,"18.000,00",0,0,"18.000,00","0,00",0,0.0,0.0
95,19.6.2024,"18.000,00",0,0,"18.000,00","0,00",0,0.0,0.0
96,18.6.2024,"18.000,00",0,0,"18.000,00","0,00",0,0.0,0.0
97,17.6.2024,"18.000,00",0,0,"18.000,00","0,00",0,0.0,0.0
98,14.6.2024,"18.000,00",0,0,"18.000,00","0,00",0,0.0,0.0
99,13.6.2024,"18.000,00",0,0,"18.000,00","0,00",0,0.0,0.0
100,12.6.2024,"18.000,00",0,0,"18.000,00","0,00",0,0.0,0.0
101,11.6.2024,"18.000,00",0,0,"18.000,00","0,00",0,0.0,0.0
102,10.6.2024,"18.000,00",0,0,"18.000,00","0,00",0,0.0,0.0
103,07.6.2024,"18.000,00",0,0,"18.000,00","0,00",0,0.0,0.0
104,06.6.2024,"18.000,00",0,0,"18.000,00","0,00",0,0.0,0.0
105,05.6.2024,"18.000,00",0,0,"18.000,00","0,00",0,0.0,0.0
106,04.6.2024,"18.000,00",0,0,"18.000,00","0,00",0,0.0,0.0
107,03.6.2024,"18.000,00",0,0,"18.000,00","0,00",0,0.0,0.0
108,31.5.2024,"18.000,00",0,0,"18.000,00","0,00",0,0.0,0.0
109,30.5.2024,"18.000,00",0,0,"18.000,00","0,00",0,0.0,0.0
110,29.5.2024,"18.000,00",0,0,"18.000,00","0,00",0,0.0,0.0
111,28.5.2024,"18.000,00",0,0,"18.000,00","0,00",0,0.0,0.0
112,27.5.2024,"18.000,00",0,0,"18.000,00","0,00",0,0.0,0.0
113,23.5.2024,"18.000,00",0,0,"18.000,00","0,00",0,0.0,0.0
114,22.5.2024,"18.000,00",0,0,"18.000,00","0,00",0,0.0,0.0
115,21.5.2024,"18.000,00",0,0,"18.000,00","0,00",0,0.0,0.0
116,20.5.2024,"18.000,00",0,0,"18.000,00","0,00",0,0.0,0.0
117,17.5.2024,"18.000,00",0,0,"18.000,00","0,00",0,0.0,0.0
118,16.5.2024,"18.000,00",0,0,"18.000,00","0,00",0,0.0,0.0
119,15.5.2024,"18.000,00",0,0,"18.000,00","0,00",0,0.0,0.0
120,14.5.2024,"18.000,00",0,0,"18.000,00","0,00",0,0.0,0.0
121,13.5.2024,"18.000,00",0,0,"18.000,00","0,00",0,0.0,0.0
122,10.5.2024,"18.000,00",0,0,"18.000,00","0,00",0,0.0,0.0
123,09.5.2024,"18.000,00",0,0,"18.000,00","0,00",0,0.0,0.0
124,07.5.2024,"18.000,00",0,0,"18.000,00","0,00",0,0.0,0.0
125,02.5.2024,"18.000,00",0,0,"18.000,00","0,00",0,0.0,0.0
126,30.4.2024,"18.000,00",0,0,"18.000,00","0,00",0,0.0,0.0
127,29.4.2024,"18.000,00",0,0,"18.000,00","0,00",0,0.0,0.0
128,26.4.2024,"18.000,00",0,0,"18.000,00","0,00",0,0.0,0.0
129,25.4.2024,"18.000,00","18.000,00","18.000,00","18.000,00","-18,18",10,180.0,180.0
130,23.4.2024,"22.000,00",0,0,"22.000,00","0,00",0,0.0,0.0
131,22.4.2024,"22.000,00",0,0,"22.000,00","0,00",0,0.0,0.0
132,19.4.2024,"22.000,00",0,0,"22.000,00","0,00",0,0.0,0.0
133,18.4.2024,"22.000,00",0,0,"22.000,00","0,00",0,0.0,0.0
134,17.4.2024,"22.000,00",0,0,"22.000,00","0,00",0,0.0,0.0
135,16.4.2024,"22.000,00",0,0,"22.000,00","0,00",0,0.0,0.0
136,15.4.2024,"22.000,00",0,0,"22.000,00","0,00",0,0.0,0.0
137,12.4.2024,"22.000,00",0,0,"22.000,00","0,00",0,0.0,0.0
138,11.4.2024,"22.000,00",0,0,"22.000,00","0,00",0,0.0,0.0
139,09.4.2024,"22.000,00",0,0,"22.000,00","0,00",0,0.0,0.0
140,08.4.2024,"22.000,00",0,0,"22.000,00","0,00",0,0.0,0.0
141,05.4.2024,"22.000,00",0,0,"22.000,00","0,00",0,0.0,0.0
142,04.4.2024,"22.000,00",0,0,"22.000,00","0,00",0,0.0,0.0
143,03.4.2024,"22.000,00",0,0,"22.000,00","0,00",0,0.0,0.0
144,02.4.2024,"22.000,00",0,0,"22.000,00","0,00",0,0.0,0.0
145,01.4.2024,"22.000,00",0,0,"22.000,00","0,00",0,0.0,0.0
146,29.3.2024,"22.000,00",0,0,"22.000,00","0,00",0,0.0,0.0
147,28.3.2024,"22.000,00",0,0,"22.000,00","0,00",0,0.0,0.0
148,27.3.2024,"22.000,00",0,0,"22.000,00","0,00",0,0.0,0.0
149,26.3.2024,"22.000,00",0,0,"22.000,00","0,00",0,0.0,0.0
150,25.3.2024,"22.000,00",0,0,"22.000,00","0,00",0,0.0,0.0
151,22.3.2024,"22.000,00",0,0,"22.000,00","0,00",0,0.0,0.0
152,21.3.2024,"22.000,00",0,0,"22.000,00","0,00",0,0.0,0.0
153,20.3.2024,"22.000,00",0,0,"22.000,00","0,00",0,0.0,0.0
154,19.3.2024,"22.000,00",0,0,"22.000,00","0,00",0,0.0,0.0
155,18.3.2024,"22.000,00",0,0,"22.000,00","0,00",0,0.0,0.0
156,15.3.2024,"22.000,00",0,0,"22.000,00","0,00",0,0.0,0.0
157,14.3.2024,"22.000,00",0,0,"22.000,00","0,00",0,0.0,0.0
158,13.3.2024,"22.000,00",0,0,"22.000,00","0,00",0,0.0,0.0
159,12.3.2024,"22.000,00",0,0,"22.000,00","0,00",0,0.0,0.0
160,11.3.2024,"22.000,00",0,0,"22.000,00","0,00",0,0.0,0.0
161,08.3.2024,"22.000,00",0,0,"22.000,00","0,00",0,0.0,0.0
162,07.3.2024,"22.000,00",0,0,"22.000,00","0,00",0,0.0,0.0
163,06.3.2024,"22.000,00",0,0,"22.000,00","0,00",0,0.0,0.0
164,05.3.2024,"22.000,00",0,0,"22.000,00","0,00",0,0.0,0.0
165,07.11.2024,"18.000,00",0,0,"18.000,00","0,00",0,0.0,0.0
166,06.11.2024,"18.000,00",0,0,"18.000,00","0,00",0,0.0,0.0
167,05.11.2024,"18.000,00",0,0,"18.000,00","0,00",0,0.0,0.0
168,04.11.2024,"18.000,00",0,0,"18.000,00","0,00",0,0.0,0.0
169,01.11.2024,"18.000,00",0,0,"18.000,00","0,00",0,0.0,0.0
170,31.10.2024,"18.000,00",0,0,"18.000,00","0,00",0,0.0,0.0
171,30.10.2024,"18.000,00",0,0,"18.000,00","0,00",0,0.0,0.0
172,29.10.2024,"18.000,00",0,0,"18.000,00","0,00",0,0.0,0.0
173,28.10.2024,"18.000,00",0,0,"18.000,00","0,00",0,0.0,0.0
174,25.10.2024,"18.000,00",0,0,"18.000,00","0,00",0,0.0,0.0
175,24.10.2024,"18.000,00",0,0,"18.000,00","0,00",0,0.0,0.0
176,22.10.2024,"18.000,00",0,0,"18.000,00","0,00",0,0.0,0.0
177,21.10.2024,"18.000,00",0,0,"18.000,00","0,00",0,0.0,0.0
178,18.10.2024,"18.000,00",0,0,"18.000,00","0,00",0,0.0,0.0
179,17.10.2024,"18.000,00",0,0,"18.000,00","0,00",0,0.0,0.0
180,16.10.2024,"18.000,00",0,0,"18.000,00","0,00",0,0.0,0.0
181,15.10.2024,"18.000,00",0,0,"18.000,00","0,00",0,0.0,0.0
182,14.10.2024,"18.000,00",0,0,"18.000,00","0,00",0,0.0,0.0
183,10.10.2024,"18.000,00",0,0,"18.000,00","0,00",0,0.0,0.0
184,09.10.2024,"18.000,00",0,0,"18.000,00","0,00",0,0.0,0.0
185,08.10.2024,"18.000,00",0,0,"18.000,00","0,00",0,0.0,0.0
186,07.10.2024,"18.000,00",0,0,"18.000,00","0,00",0,0.0,0.0
187,04.10.2024,"18.000,00",0,0,"18.000,00","0,00",0,0.0,0.0
188,03.10.2024,"18.000,00",0,0,"18.000,00","0,00",0,0.0,0.0
189,02.10.2024,"18.000,00",0,0,"18.000,00","0,00",0,0.0,0.0
190,01.10.2024,"18.000,00",0,0,"18.000,00","0,00",0,0.0,0.0
191,30.9.2024,"18.000,00",0,0,"18.000,00","0,00",0,0.0,0.0
192,27.9.2024,"18.000,00",0,0,"18.000,00","0,00",0,0.0,0.0
193,26.9.2024,"18.000,00",0,0,"18.000,00","0,00",0,0.0,0.0
194,25.9.2024,"18.000,00",0,0,"18.000,00","0,00",0,0.0,0.0
195,24.9.2024,"18.000,00",0,0,"18.000,00","0,00",0,0.0,0.0
196,23.9.2024,"18.000,00",0,0,"18.000,00","0,00",0,0.0,0.0
197,20.9.2024,"18.000,00",0,0,"18.000,00","0,00",0,0.0,0.0
198,19.9.2024,"18.000,00",0,0,"18.000,00","0,00",0,0.0,0.0
199,18.9.2024,"18.000,00",0,0,"18.000,00","0,00",0,0.0,0.0
200,17.9.2024,"18.000,00",0,0,"18.000,00","0,00",0,0.0,0.0
201,16.9.2024,"18.000,00",0,0,"18.000,00","0,00",0,0.0,0.0
202,13.9.2024,"18.000,00",0,0,"18.000,00","0,00",0,0.0,0.0
203,12.9.2024,"18.000,00",0,0,"18.000,00","0,00",0,0.0,0.0
204,11.9.2024,"18.000,00",0,0,"18.000,00","0,00",0,0.0,0.0
205,10.9.2024,"18.000,00",0,0,"18.000,00","0,00",0,0.0,0.0
206,06.9.2024,"18.000,00",0,0,"18.000,00","0,00",0,0.0,0.0
207,05.9.2024,"18.000,00",0,0,"18.000,00","0,00",0,0.0,0.0
208,04.9.2024,"18.000,00",0,0,"18.000,00","0,00",0,0.0,0.0
209,03.9.2024,"18.000,00",0,0,"18.000,00","0,00",0,0.0,0.0
210,02.9.2024,"18.000,00",0,0,"18.000,00","0,00",0,0.0,0.0
211,30.8.2024,"18.000,00",0,0,"18.000,00","0,00",0,0.0,0.0
212,29.8.2024,"18.000,00",0,0,"18.000,00","0,00",0,0.0,0.0
213,27.8.2024,"18.000,00",0,0,"18.000,00","0,00",0,0.0,0.0
214,26.8.2024,"18.000,00",0,0,"18.000,00","0,00",0,0.0,0.0
215,23.8.2024,"18.000,00",0,0,"18.000,00","0,00",0,0.0,0.0
216,22.8.2024,"18.000,00",0,0,"18.000,00","0,00",0,0.0,0.0
217,21.8.2024,"18.000,00",0,0,"18.000,00","0,00",0,0.0,0.0
218,20.8.2024,"18.000,00",0,0,"18.000,00","0,00",0,0.0,0.0
219,19.8.2024,"18.000,00",0,0,"18.000,00","0,00",0,0.0,0.0
220,16.8.2024,"18.000,00",0,0,"18.000,00","0,00",0,0.0,0.0
221,15.8.2024,"18.000,00",0,0,"18.000,00","0,00",0,0.0,0.0
222,14.8.2024,"18.000,00",0,0,"18.000,00","0,00",0,0.0,0.0
223,13.8.2024,"18.000,00",0,0,"18.000,00","0,00",0,0.0,0.0
224,12.8.2024,"18.000,00",0,0,"18.000,00","0,00",0,0.0,0.0
225,09.8.2024,"18.000,00",0,0,"18.000,00","0,00",0,0.0,0.0
226,08.8.2024,"18.000,00",0,0,"18.000,00","0,00",0,0.0,0.0
227,07.8.2024,"18.000,00",0,0,"18.000,00","0,00",0,0.0,0.0
228,06.8.2024,"18.000,00",0,0,"18.000,00","0,00",0,0.0,0.0
229,05.8.2024,"18.000,00",0,0,"18.000,00","0,00",0,0.0,0.0
230,01.8.2024,"18.000,00",0,0,"18.000,00","0,00",0,0.0,0.0
231,31.7.2024,"18.000,00",0,0,"18.000,00","0,00",0,0.0,0.0
232,30.7.2024,"18.000,00",0,0,"18.000,00","0,00",0,0.0,0.0
233,29.7.2024,"18.000,00",0,0,"18.000,00","0,00",0,0.0,0.0
234,26.7.2024,"18.000,00",0,0,"18.000,00","0,00",0,0.0,0.0
235,25.7.2024,"18.000,00",0,0,"18.000,00","0,00",0,0.0,0.0
236,24.7.2024,"18.000,00",0,0,"18.000,00","0,00",0,0.0,0.0
237,23.7.2024,"18.000,00",0,0,"18.000,00","0,00",0,0.0,0.0
238,22.7.2024,"18.000,00",0,0,"18.000,00","0,00",0,0.0,0.0
239,19.7.2024,"18.000,00",0,0,"18.000,00","0,00",0,0.0,0.0
240,18.7.2024,"18.000,00",0,0,"18.000,00","0,00",0,0.0,0.0
241,17.7.2024,"18.000,00",0,0,"18.000,00","0,00",0,0.0,0.0
242,16.7.2024,"18.000,00",0,0,"18.000,00","0,00",0,0.0,0.0
243,15.7.2024,"18.000,00",0,0,"18.000,00","0,00",0,0.0,0.0
244,12.7.2024,"18.000,00",0,0,"18.000,00","0,00",0,0.0,0.0
245,11.7.2024,"18.000,00",0,0,"18.000,00","0,00",0,0.0,0.0
246,10.7.2024,"18.000,00",0,0,"18.000,00","0,00",0,0.0,0.0
247,09.7.2024,"18.000,00",0,0,"18.000,00","0,00",0,0.0,0.0
248,08.7.2024,"18.000,00",0,0,"18.000,00","0,00",0,0.0,0.0
249,05.7.2024,"18.000,00",0,0,"18.000,00","0,00",0,0.0,0.0
250,04.7.2024,"18.000,00",0,0,"18.000,00","0,00",0,0.0,0.0
251,03.7.2024,"18.000,00",0,0,"18.000,00","0,00",0,0.0,0.0
252,02.7.2024,"18.000,00",0,0,"18.000,00","0,00",0,0.0,0.0
253,01.7.2024,"18.000,00",0,0,"18.000,00","0,00",0,0.0,0.0
254,28.6.2024,"18.000,00",0,0,"18.000,00","0,00",0,0.0,0.0
255,27.6.2024,"18.000,00",0,0,"18.000,00","0,00",0,0.0,0.0
256,26.6.2024,"18.000,00",0,0,"18.000,00","0,00",0,0.0,0.0
257,25.6.2024,"18.000,00",0,0,"18.000,00","0,00",0,0.0,0.0
258,24.6.2024,"18.000,00",0,0,"18.000,00","0,00",0,0.0,0.0
259,20.6.2024,"18.000,00",0,0,"18.000,00","0,00",0,0.0,0.0
260,19.6.2024,"18.000,00",0,0,"18.000,00","0,00",0,0.0,0.0
261,18.6.2024,"18.000,00",0,0,"18.000,00","0,00",0,0.0,0.0
262,17.6.2024,"18.000,00",0,0,"18.000,00","0,00",0,0.0,0.0
263,14.6.2024,"18.000,00",0,0,"18.000,00","0,00",0,0.0,0.0
264,13.6.2024,"18.000,00",0,0,"18.000,00","0,00",0,0.0,0.0
265,12.6.2024,"18.000,00",0,0,"18.000,00","0,00",0,0.0,0.0
266,11.6.2024,"18.000,00",0,0,"18.000,00","0,00",0,0.0,0.0
267,10.6.2024,"18.000,00",0,0,"18.000,00","0,00",0,0.0,0.0
268,07.6.2024,"18.000,00",0,0,"18.000,00","0,00",0,0.0,0.0
269,06.6.2024,"18.000,00",0,0,"18.000,00","0,00",0,0.0,0.0
270,05.6.2024,"18.000,00",0,0,"18.000,00","0,00",0,0.0,0.0
271,04.6.2024,"18.000,00",0,0,"18.000,00","0,00",0,0.0,0.0
272,03.6.2024,"18.000,00",0,0,"18.000,00","0,00",0,0.0,0.0
273,31.5.2024,"18.000,00",0,0,"18.000,00","0,00",0,0.0,0.0
274,30.5.2024,"18.000,00",0,0,"18.000,00","0,00",0,0.0,0.0
275,29.5.2024,"18.000,00",0,0,"18.000,00","0,00",0,0.0,0.0
276,28.5.2024,"18.000,00",0,0,"18.000,00","0,00",0,0.0,0.0
277,27.5.2024,"18.000,00",0,0,"18.000,00","0,00",0,0.0,0.0
278,23.5.2024,"18.000,00",0,0,"18.000,00","0,00",0,0.0,0.0
279,22.5.2024,"18.000,00",0,0,"18.000,00","0,00",0,0.0,0.0
280,21.5.2024,"18.000,00",0,0,"18.000,00","0,00",0,0.0,0.0
281,20.5.2024,"18.000,00",0,0,"18.000,00","0,00",0,0.0,0.0
282,17.5.2024,"18.000,00",0,0,"18.000,00","0,00",0,0.0,0.0
283,16.5.2024,"18.000,00",0,0,"18.000,00","0,00",0,0.0,0.0
284,15.5.2024,"18.000,00",0,0,"18.000,00","0,00",0,0.0,0.0
285,14.5.2024,"18.000,00",0,0,"18.000,00","0,00",0,0.0,0.0
286,13.5.2024,"18.000,00",0,0,"18.000,00","0,00",0,0.0,0.0
287,10.5.2024,"18.000,00",0,0,"18.000,00","0,00",0,0.0,0.0
288,09.5.2024,"18.000,00",0,0,"18.000,00","0,00",0,0.0,0.0
289,07.5.2024,"18.000,00",0,0,"18.000,00","0,00",0,0.0,0.0
290,02.5.2024,"18.000,00",0,0,"18.000,00","0,00",0,0.0,0.0
291,30.4.2024,"18.000,00",0,0,"18.000,00","0,00",0,0.0,0.0
292,29.4.2024,"18.000,00",0,0,"18.000,00","0,00",0,0.0,0.0
293,26.4.2024,"18.000,00",0,0,"18.000,00","0,00",0,0.0,0.0
294,25.4.2024,"18.000,00","18.000,00","18.000,00","18.000,00","-18,18",10,180.0,180.0
295,23.4.2024,"22.000,00",0,0,"22.000,00","0,00",0,0.0,0.0
296,22.4.2024,"22.000,00",0,0,"22.000,00","0,00",0,0.0,0.0
297,19.4.2024,"22.000,00",0,0,"22.000,00","0,00",0,0.0,0.0
298,18.4.2024,"22.000,00",0,0,"22.000,00","0,00",0,0.0,0.0
299,17.4.2024,"22.000,00",0,0,"22.000,00","0,00",0,0.0,0.0
300,16.4.2024,"22.000,00",0,0,"22.000,00","0,00",0,0.0,0.0
301,15.4.2024,"22.000,00",0,0,"22.000,00","0,00",0,0.0,0.0
302,12.4.2024,"22.000,00",0,0,"22.000,00","0,00",0,0.0,0.0
303,11.4.2024,"22.000,00",0,0,"22.000,00","0,00",0,0.0,0.0
304,09.4.2024,"22.000,00",0,0,"22.000,00","0,00",0,0.0,0.0
305,08.4.2024,"22.000,00",0,0,"22.000,00","0,00",0,0.0,0.0
306,05.4.2024,"22.000,00",0,0,"22.000,00","0,00",0,0.0,0.0
307,04.4.2024,"22.000,00",0,0,"22.000,00","0,00",0,0.0,0.0
308,03.4.2024,"22.000,00",0,0,"22.000,00","0,00",0,0.0,0.0
309,02.4.2024,"22.000,00",0,0,"22.000,00","0,00",0,0.0,0.0
310,01.4.2024,"22.000,00",0,0,"22.000,00","0,00",0,0.0,0.0
311,29.3.2024,"22.000,00",0,0,"22.000,00","0,00",0,0.0,0.0
312,28.3.2024,"22.000,00",0,0,"22.000,00","0,00",0,0.0,0.0
313,27.3.2024,"22.000,00",0,0,"22.000,00","0,00",0,0.0,0.0
314,26.3.2024,"22.000,00",0,0,"22.000,00","0,00",0,0.0,0.0
315,25.3.2024,"22.000,00",0,0,"22.000,00","0,00",0,0.0,0.0
316,22.3.2024,"22.000,00",0,0,"22.000,00","0,00",0,0.0,0.0
317,21.3.2024,"22.000,00",0,0,"22.000,00","0,00",0,0.0,0.0
318,20.3.2024,"22.000,00",0,0,"22.000,00","0,00",0,0.0,0.0
319,19.3.2024,"22.000,00",0,0,"22.000,00","0,00",0,0.0,0.0
320,18.3.2024,"22.000,00",0,0,"22.000,00","0,00",0,0.0,0.0
321,15.3.2024,"22.000,00",0,0,"22.000,00","0,00",0,0.0,0.0
322,14.3.2024,"22.000,00",0,0,"22.000,00","0,00",0,0.0,0.0
323,13.3.2024,"22.000,00",0,0,"22.000,00","0,00",0,0.0,0.0
324,12.3.2024,"22.000,00",0,0,"22.000,00","0,00",0,0.0,0.0
325,11.3.2024,"22.000,00",0,0,"22.000,00","0,00",0,0.0,0.0
326,08.3.2024,"22.000,00",0,0,"22.000,00","0,00",0,0.0,0.0
327,07.3.2024,"22.000,00",0,0,"22.000,00","0,00",0,0.0,0.0
328,06.3.2024,"22.000,00",0,0,"22.000,00","0,00",0,0.0,0.0
329,05.3.2024,"22.000,00",0,0,"22.000,00","0,00",0,0.0,0.0
330,07.11.2024,"18.000,00",0,0,"18.000,00","0,00",0,0.0,0.0
331,06.11.2024,"18.000,00",0,0,"18.000,00","0,00",0,0.0,0.0
332,05.11.2024,"18.000,00",0,0,"18.000,00","0,00",0,0.0,0.0
333,04.11.2024,"18.000,00",0,0,"18.000,00","0,00",0,0.0,0.0
334,01.11.2024,"18.000,00",0,0,"18.000,00","0,00",0,0.0,0.0
335,31.10.2024,"18.000,00",0,0,"18.000,00","0,00",0,0.0,0.0
336,30.10.2024,"18.000,00",0,0,"18.000,00","0,00",0,0.0,0.0
337,29.10.2024,"18.000,00",0,0,"18.000,00","0,00",0,0.0,0.0
338,28.10.2024,"18.000,00",0,0,"18.000,00","0,00",0,0.0,0.0
339,25.10.2024,"18.000,00",0,0,"18.000,00","0,00",0,0.0,0.0
340,24.10.2024,"18.000,00",0,0,"18.000,00","0,00",0,0.0,0.0
341,22.10.2024,"18.000,00",0,0,"18.000,00","0,00",0,0.0,0.0
342,21.10.2024,"18.000,00",0,0,"18.000,00","0,00",0,0.0,0.0
343,18.10.2024,"18.000,00",0,0,"18.000,00","0,00",0,0.0,0.0
344,17.10.2024,"18.000,00",0,0,"18.000,00","0,00",0,0.0,0.0
345,16.10.2024,"18.000,00",0,0,"18.000,00","0,00",0,0.0,0.0
346,15.10.2024,"18.000,00",0,0,"18.000,00","0,00",0,0.0,0.0
347,14.10.2024,"18.000,00",0,0,"18.000,00","0,00",0,0.0,0.0
348,10.10.2024,"18.000,00",0,0,"18.000,00","0,00",0,0.0,0.0
349,09.10.2024,"18.000,00",0,0,"18.000,00","0,00",0,0.0,0.0
350,08.10.2024,"18.000,00",0,0,"18.000,00","0,00",0,0.0,0.0
351,07.10.2024,"18.000,00",0,0,"18.000,00","0,00",0,0.0,0.0
352,04.10.2024,"18.000,00",0,0,"18.000,00","0,00",0,0.0,0.0
353,03.10.2024,"18.000,00",0,0,"18.000,00","0,00",0,0.0,0.0
354,02.10.2024,"18.000,00",0,0,"18.000,00","0,00",0,0.0,0.0
355,01.10.2024,"18.000,00",0,0,"18.000,00","0,00",0,0.0,0.0
356,30.9.2024,"18.000,00",0,0,"18.000,00","0,00",0,0.0,0.0
357,27.9.2024,"18.000,00",0,0,"18.000,00","0,00",0,0.0,0.0
358,26.9.2024,"18.000,00",0,0,"18.000,00","0,00",0,0.0,0.0
359,25.9.2024,"18.000,00",0,0,"18.000,00","0,00",0,0.0,0.0
360,24.9.2024,"18.000,00",0,0,"18.000,00","0,00",0,0.0,0.0
361,23.9.2024,"18.000,00",0,0,"18.000,00","0,00",0,0.0,0.0
362,20.9.2024,"18.000,00",0,0,"18.000,00","0,00",0,0.0,0.0
363,19.9.2024,"18.000,00",0,0,"18.000,00","0,00",0,0.0,0.0
364,18.9.2024,"18.000,00",0,0,"18.000,00","0,00",0,0.0,0.0
365,17.9.2024,"18.000,00",0,0,"18.000,00","0,00",0,0.0,0.0
366,16.9.2024,"18.000,00",0,0,"18.000,00","0,00",0,0.0,0.0
367,13.9.2024,"18.000,00",0,0,"18.000,00","0,00",0,0.0,0.0
368,12.9.2024,"18.000,00",0,0,"18.000,00","0,00",0,0.0,0.0
369,11.9.2024,"18.000,00",0,0,"18.000,00","0,00",0,0.0,0.0
370,10.9.2024,"18.000,00",0,0,"18.000,00","0,00",0,0.0,0.0
371,06.9.2024,"18.000,00",0,0,"18.000,00","0,00",0,0.0,0.0
372,05.9.2024,"18.000,00",0,0,"18.000,00","0,00",0,0.0,0.0
373,04.9.2024,"18.000,00",0,0,"18.000,00","0,00",0,0.0,0.0
374,03.9.2024,"18.000,00",0,0,"18.000,00","0,00",0,0.0,0.0
375,02.9.2024,"18.000,00",0,0,"18.000,00","0,00",0,0.0,0.0
376,30.8.2024,"18.000,00",0,0,"18.000,00","0,00",0,0.0,0.0
377,29.8.2024,"18.000,00",0,0,"18.000,00","0,00",0,0.0,0.0
378,27.8.2024,"18.000,00",0,0,"18.000,00","0,00",0,0.0,0.0
379,26.8.2024,"18.000,00",0,0,"18.000,00","0,00",0,0.0,0.0
380,23.8.2024,"18.000,00",0,0,"18.000,00","0,00",0,0.0,0.0
381,22.8.2024,"18.000,00",0,0,"18.000,00","0,00",0,0.0,0.0
382,21.8.2024,"18.000,00",0,0,"18.000,00","0,00",0,0.0,0.0
383,20.8.2024,"18.000,00",0,0,"18.000,00","0,00",0,0.0,0.0
384,19.8.2024,"18.000,00",0,0,"18.000,00","0,00",0,0.0,0.0
385,16.8.2024,"18.000,00",0,0,"18.000,00","0,00",0,0.0,0.0
386,15.8.2024,"18.000,00",0,0,"18.000,00","0,00",0,0.0,0.0
387,14.8.2024,"18.000,00",0,0,"18.000,00","0,00",0,0.0,0.0
388,13.8.2024,"18.000,00",0,0,"18.000,00","0,00",0,0.0,0.0
389,12.8.2024,"18.000,00",0,0,"18.000,00","0,00",0,0.0,0.0
390,09.8.2024,"18.000,00",0,0,"18.000,00","0,00",0,0.0,0.0
391,08.8.2024,"18.000,00",0,0,"18.000,00","0,00",0,0.0,0.0
392,07.8.2024,"18.000,00",0,0,"18.000,00","0,00",0,0.0,0.0
393,06.8.2024,"18.000,00",0,0,"18.000,00","0,00",0,0.0,0.0
394,05.8.2024,"18.000,00",0,0,"18.000,00","0,00",0,0.0,0.0
395,01.8.2024,"18.000,00",0,0,"18.000,00","0,00",0,0.0,0.0
396,31.7.2024,"18.000,00",0,0,"18.000,00","0,00",0,0.0,0.0
397,30.7.2024,"18.000,00",0,0,"18.000,00","0,00",0,0.0,0.0
398,29.7.2024,"18.000,00",0,0,"18.000,00","0,00",0,0.0,0.0
399,26.7.2024,"18.000,00",0,0,"18.000,00","0,00",0,0.0,0.0
400,25.7.2024,"18.000,00",0,0,"18.000,00","0,00",0,0.0,0.0
401,24.7.2024,"18.000,00",0,0,"18.000,00","0,00",0,0.0,0.0
402,23.7.2024,"18.000,00",0,0,"18.000,00","0,00",0,0.0,0.0
403,22.7.2024,"18.000,00",0,0,"18.000,00","0,00",0,0.0,0.0
404,19.7.2024,"18.000,00",0,0,"18.000,00","0,00",0,0.0,0.0
405,18.7.2024,"18.000,00",0,0,"18.000,00","0,00",0,0.0,0.0
406,17.7.2024,"18.000,00",0,0,"18.000,00","0,00",0,0.0,0.0
407,16.7.2024,"18.000,00",0,0,"18.000,00","0,00",0,0.0,0.0
408,15.7.2024,"18.000,00",0,0,"18.000,00","0,00",0,0.0,0.0
409,12.7.2024,"18.000,00",0,0,"18.000,00","0,00",0,0.0,0.0
410,11.7.2024,"18.000,00",0,0,"18.000,00","0,00",0,0.0,0.0
411,10.7.2024,"18.000,00",0,0,"18.000,00","0,00",0,0.0,0.0
412,09.7.2024,"18.000,00",0,0,"18.000,00","0,00",0,0.0,0.0
413,08.7.2024,"18.000,00",0,0,"18.000,00","0,00",0,0.0,0.0
414,05.7.2024,"18.000,00",0,0,"18.000,00","0,00",0,0.0,0.0
415,04.7.2024,"18.000,00",0,0,"18.000,00","0,00",0,0.0,0.0
416,03.7.2024,"18.000,00",0,0,"18.000,00","0,00",0,0.0,0.0
417,02.7.2024,"18.000,00",0,0,"18.000,00","0,00",0,0.0,0.0
418,01.7.2024,"18.000,00",0,0,"18.000,00","0,00",0,0.0,0.0
419,28.6.2024,"18.000,00",0,0,"18.000,00","0,00",0,0.0,0.0
420,27.6.2024,"18.000,00",0,0,"18.000,00","0,00",0,0.0,0.0
421,26.6.2024,"18.000,00",0,0,"18.000,00","0,00",0,0.0,0.0
422,25.6.2024,"18.000,00",0,0,"18.000,00","0,00",0,0.0,0.0
423,24.6.2024,"18.000,00",0,0,"18.000,00","0,00",0,0.0,0.0
424,20.6.2024,"18.000,00",0,0,"18.000,00","0,00",0,0.0,0.0
425,19.6.2024,"18.000,00",0,0,"18.000,00","0,00",0,0.0,0.0
426,18.6.2024,"18.000,00",0,0,"18.000,00","0,00",0,0.0,0.0
427,17.6.2024,"18.000,00",0,0,"18.000,00","0,00",0,0.0,0.0
428,14.6.2024,"18.000,00",0,0,"18.000,00","0,00",0,0.0,0.0
429,13.6.2024,"18.000,00",0,0,"18.000,00","0,00",0,0.0,0.0
430,12.6.2024,"18.000,00",0,0,"18.000,00","0,00",0,0.0,0.0
431,11.6.2024,"18.000,00",0,0,"18.000,00","0,00",0,0.0,0.0
432,10.6.2024,"18.000,00",0,0,"18.000,00","0,00",0,0.0,0.0
433,07.6.2024,"18.000,00",0,0,"18.000,00","0,00",0,0.0,0.0
434,06.6.2024,"18.000,00",0,0,"18.000,00","0,00",0,0.0,0.0
435,05.6.2024,"18.000,00",0,0,"18.000,00","0,00",0,0.0,0.0
436,04.6.2024,"18.000,00",0,0,"18.000,00","0,00",0,0.0,0.0
437,03.6.2024,"18.000,00",0,0,"18.000,00","0,00",0,0.0,0.0
438,31.5.2024,"18.000,00",0,0,"18.000,00","0,00",0,0.0,0.0
439,30.5.2024,"18.000,00",0,0,"18.000,00","0,00",0,0.0,0.0
440,29.5.2024,"18.000,00",0,0,"18.000,00","0,00",0,0.0,0.0
441,28.5.2024,"18.000,00",0,0,"18.000,00","0,00",0,0.0,0.0
442,27.5.2024,"18.000,00",0,0,"18.000,00","0,00",0,0.0,0.0
443,23.5.2024,"18.000,00",0,0,"18.000,00","0,00",0,0.0,0.0
444,22.5.2024,"18.000,00",0,0,"18.000,00","0,00",0,0.0,0.0
445,21.5.2024,"18.000,00",0,0,"18.000,00","0,00",0,0.0,0.0
446,20.5.2024,"18.000,00",0,0,"18.000,00","0,00",0,0.0,0.0
447,17.5.2024,"18.000,00",0,0,"18.000,00","0,00",0,0.0,0.0
448,16.5.2024,"18.000,00",0,0,"18.000,00","0,00",0,0.0,0.0
449,15.5.2024,"18.000,00",0,0,"18.000,00","0,00",0,0.0,0.0
450,14.5.2024,"18.000,00",0,0,"18.000,00","0,00",0,0.0,0.0
451,13.5.2024,"18.000,00",0,0,"18.000,00","0,00",0,0.0,0.0
452,10.5.2024,"18.000,00",0,0,"18.000,00","0,00",0,0.0,0.0
453,09.5.2024,"18.000,00",0,0,"18.000,00","0,00",0,0.0,0.0
454,07.5.2024,"18.000,00",0,0,"18.000,00","0,00",0,0.0,0.0
455,02.5.2024,"18.000,00",0,0,"18.000,00","0,00",0,0.0,0.0
456,30.4.2024,"18.000,00",0,0,"18.000,00","0,00",0,0.0,0.0
457,29.4.2024,"18.000,00",0,0,"18.000,00","0,00",0,0.0,0.0
458,26.4.2024,"18.000,00",0,0,"18.000,00","0,00",0,0.0,0.0
459,25.4.2024,"18.000,00","18.000,00","18.000,00","18.000,00","-18,18",10,180.0,180.0
460,23.4.2024,"22.000,00",0,0,"22.000,00","0,00",0,0.0,0.0
461,22.4.2024,"22.000,00",0,0,"22.000,00","0,00",0,0.0,0.0
462,19.4.2024,"22.000,00",0,0,"22.000,00","0,00",0,0.0,0.0
463,18.4.2024,"22.000,00",0,0,"22.000,00","0,00",0,0.0,0.0
464,17.4.2024,"22.000,00",0,0,"22.000,00","0,00",0,0.0,0.0
465,16.4.2024,"22.000,00",0,0,"22.000,00","0,00",0,0.0,0.0
466,15.4.2024,"22.000,00",0,0,"22.000,00","0,00",0,0.0,0.0
467,12.4.2024,"22.000,00",0,0,"22.000,00","0,00",0,0.0,0.0
468,11.4.2024,"22.000,00",0,0,"22.000,00","0,00",0,0.0,0.0
469,09.4.2024,"22.000,00",0,0,"22.000,00","0,00",0,0.0,0.0
470,08.4.2024,"22.000,00",0,0,"22.000,00","0,00",0,0.0,0.0
471,05.4.2024,"22.000,00",0,0,"22.000,00","0,00",0,0.0,0.0
472,04.4.2024,"22.000,00",0,0,"22.000,00","0,00",0,0.0,0.0
473,03.4.2024,"22.000,00",0,0,"22.000,00","0,00",0,0.0,0.0
474,02.4.2024,"22.000,00",0,0,"22.000,00","0,00",0,0.0,0.0
475,01.4.2024,"22.000,00",0,0,"22.000,00","0,00",0,0.0,0.0
476,29.3.2024,"22.000,00",0,0,"22.000,00","0,00",0,0.0,0.0
477,28.3.2024,"22.000,00",0,0,"22.000,00","0,00",0,0.0,0.0
478,27.3.2024,"22.000,00",0,0,"22.000,00","0,00",0,0.0,0.0
479,26.3.2024,"22.000,00",0,0,"22.000,00","0,00",0,0.0,0.0
480,25.3.2024,"22.000,00",0,0,"22.000,00","0,00",0,0.0,0.0
481,22.3.2024,"22.000,00",0,0,"22.000,00","0,00",0,0.0,0.0
482,21.3.2024,"22.000,00",0,0,"22.000,00","0,00",0,0.0,0.0
483,20.3.2024,"22.000,00",0,0,"22.000,00","0,00",0,0.0,0.0
484,19.3.2024,"22.000,00",0,0,"22.000,00","0,00",0,0.0,0.0
485,18.3.2024,"22.000,00",0,0,"22.000,00","0,00",0,0.0,0.0
486,15.3.2024,"22.000,00",0,0,"22.000,00","0,00",0,0.0,0.0
487,14.3.2024,"22.000,00",0,0,"22.000,00","0,00",0,0.0,0.0
488,13.3.2024,"22.000,00",0,0,"22.000,00","0,00",0,0.0,0.0
489,12.3.2024,"22.000,00",0,0,"22.000,00","0,00",0,0.0,0.0
490,11.3.2024,"22.000,00",0,0,"22.000,00","0,00",0,0.0,0.0
491,08.3.2024,"22.000,00",0,0,"22.000,00","0,00",0,0.0,0.0
492,07.3.2024,"22.000,00",0,0,"22.000,00","0,00",0,0.0,0.0
493,06.3.2024,"22.000,00",0,0,"22.000,00","0,00",0,0.0,0.0
494,05.3.2024,"22.000,00",0,0,"22.000,00","0,00",0,0.0,0.0
495,07.11.2024,"18.000,00",0,0,"18.000,00","0,00",0,0.0,0.0
496,06.11.2024,"18.000,00",0,0,"18.000,00","0,00",0,0.0,0.0
497,05.11.2024,"18.000,00",0,0,"18.000,00","0,00",0,0.0,0.0
498,04.11.2024,"18.000,00",0,0,"18.000,00","0,00",0,0.0,0.0
499,01.11.2024,"18.000,00",0,0,"18.000,00","0,00",0,0.0,0.0
500,31.10.2024,"18.000,00",0,0,"18.000,00","0,00",0,0.0,0.0
501,30.10.2024,"18.000,00",0,0,"18.000,00","0,00",0,0.0,0.0
502,29.10.2024,"18.000,00",0,0,"18.000,00","0,00",0,0.0,0.0
503,28.10.2024,"18.000,00",0,0,"18.000,00","0,00",0,0.0,0.0
504,25.10.2024,"18.000,00",0,0,"18.000,00","0,00",0,0.0,0.0
505,24.10.2024,"18.000,00",0,0,"18.000,00","0,00",0,0.0,0.0
506,22.10.2024,"18.000,00",0,0,"18.000,00","0,00",0,0.0,0.0
507,21.10.2024,"18.000,00",0,0,"18.000,00","0,00",0,0.0,0.0
508,18.10.2024,"18.000,00",0,0,"18.000,00","0,00",0,0.0,0.0
509,17.10.2024,"18.000,00",0,0,"18.000,00","0,00",0,0.0,0.0
510,16.10.2024,"18.000,00",0,0,"18.000,00","0,00",0,0.0,0.0
511,15.10.2024,"18.000,00",0,0,"18.000,00","0,00",0,0.0,0.0
512,14.10.2024,"18.000,00",0,0,"18.000,00","0,00",0,0.0,0.0
513,10.10.2024,"18.000,00",0,0,"18.000,00","0,00",0,0.0,0.0
514,09.10.2024,"18.000,00",0,0,"18.000,00","0,00",0,0.0,0.0
515,08.10.2024,"18.000,00",0,0,"18.000,00","0,00",0,0.0,0.0
516,07.10.2024,"18.000,00",0,0,"18.000,00","0,00",0,0.0,0.0
517,04.10.2024,"18.000,00",0,0,"18.000,00","0,00",0,0.0,0.0
518,03.10.2024,"18.000,00",0,0,"18.000,00","0,00",0,0.0,0.0
519,02.10.2024,"18.000,00",0,0,"18.000,00","0,00",0,0.0,0.0
520,01.10.2024,"18.000,00",0,0,"18.000,00","0,00",0,0.0,0.0
521,30.9.2024,"18.000,00",0,0,"18.000,00","0,00",0,0.0,0.0
522,27.9.2024,"18.000,00",0,0,"18.000,00","0,00",0,0.0,0.0
523,26.9.2024,"18.000,00",0,0,"18.000,00","0,00",0,0.0,0.0
524,25.9.2024,"18.000,00",0,0,"18.000,00","0,00",0,0.0,0.0
525,24.9.2024,"18.000,00",0,0,"18.000,00","0,00",0,0.0,0.0
526,23.9.2024,"18.000,00",0,0,"18.000,00","0,00",0,0.0,0.0
527,20.9.2024,"18.000,00",0,0,"18.000,00","0,00",0,0.0,0.0
528,19.9.2024,"18.000,00",0,0,"18.000,00","0,00",0,0.0,0.0
529,18.9.2024,"18.000,00",0,0,"18.000,00","0,00",0,0.0,0.0
530,17.9.2024,"18.000,00",0,0,"18.000,00","0,00",0,0.0,0.0
531,16.9.2024,"18.000,00",0,0,"18.000,00","0,00",0,0.0,0.0
532,13.9.2024,"18.000,00",0,0,"18.000,00","0,00",0,0.0,0.0
533,12.9.2024,"18.000,00",0,0,"18.000,00","0,00",0,0.0,0.0
534,11.9.2024,"18.000,00",0,0,"18.000,00","0,00",0,0.0,0.0
535,10.9.2024,"18.000,00",0,0,"18.000,00","0,00",0,0.0,0.0
536,06.9.2024,"18.000,00",0,0,"18.000,00","0,00",0,0.0,0.0
537,05.9.2024,"18.000,00",0,0,"18.000,00","0,00",0,0.0,0.0
538,04.9.2024,"18.000,00",0,0,"18.000,00","0,00",0,0.0,0.0
539,03.9.2024,"18.000,00",0,0,"18.000,00","0,00",0,0.0,0.0
540,02.9.2024,"18.000,00",0,0,"18.000,00","0,00",0,0.0,0.0
541,30.8.2024,"18.000,00",0,0,"18.000,00","0,00",0,0.0,0.0
542,29.8.2024,"18.000,00",0,0,"18.000,00","0,00",0,0.0,0.0
543,27.8.2024,"18.000,00",0,0,"18.000,00","0,00",0,0.0,0.0
544,26.8.2024,"18.000,00",0,0,"18.000,00","0,00",0,0.0,0.0
545,23.8.2024,"18.000,00",0,0,"18.000,00","0,00",0,0.0,0.0
546,22.8.2024,"18.000,00",0,0,"18.000,00","0,00",0,0.0,0.0
547,21.8.2024,"18.000,00",0,0,"18.000,00","0,00",0,0.0,0.0
548,20.8.2024,"18.000,00",0,0,"18.000,00","0,00",0,0.0,0.0
549,19.8.2024,"18.000,00",0,0,"18.000,00","0,00",0,0.0,0.0
550,16.8.2024,"18.000,00",0,0,"18.000,00","0,00",0,0.0,0.0
551,15.8.2024,"18.000,00",0,0,"18.000,00","0,00",0,0.0,0.0
552,14.8.2024,"18.000,00",0,0,"18.000,00","0,00",0,0.0,0.0
553,13.8.2024,"18.000,00",0,0,"18.000,00","0,00",0,0.0,0.0
554,12.8.2024,"18.000,00",0,0,"18.000,00","0,00",0,0.0,0.0
555,09.8.2024,"18.000,00",0,0,"18.000,00","0,00",0,0.0,0.0
556,08.8.2024,"18.000,00",0,0,"18.000,00","0,00",0,0.0,0.0
557,07.8.2024,"18.000,00",0,0,"18.000,00","0,00",0,0.0,0.0
558,06.8.2024,"18.000,00",0,0,"18.000,00","0,00",0,0.0,0.0
559,05.8.2024,"18.000,00",0,0,"18.000,00","0,00",0,0.0,0.0
560,01.8.2024,"18.000,00",0,0,"18.000,00","0,00",0,0.0,0.0
561,31.7.2024,"18.000,00",0,0,"18.000,00","0,00",0,0.0,0.0
562,30.7.2024,"18.000,00",0,0,"18.000,00","0,00",0,0.0,0.0
563,29.7.2024,"18.000,00",0,0,"18.000,00","0,00",0,0.0,0.0
564,26.7.2024,"18.000,00",0,0,"18.000,00","0,00",0,0.0,0.0
565,25.7.2024,"18.000,00",0,0,"18.000,00","0,00",0,0.0,0.0
566,24.7.2024,"18.000,00",0,0,"18.000,00","0,00",0,0.0,0.0
567,23.7.2024,"18.000,00",0,0,"18.000,00","0,00",0,0.0,0.0
568,22.7.2024,"18.000,00",0,0,"18.000,00","0,00",0,0.0,0.0
569,19.7.2024,"18.000,00",0,0,"18.000,00","0,00",0,0.0,0.0
570,18.7.2024,"18.000,00",0,0,"18.000,00","0,00",0,0.0,0.0
571,17.7.2024,"18.000,00",0,0,"18.000,00","0,00",0,0.0,0.0
572,16.7.2024,"18.000,00",0,0,"18.000,00","0,00",0,0.0,0.0
573,15.7.2024,"18.000,00",0,0,"18.000,00","0,00",0,0.0,0.0
574,12.7.2024,"18.000,00",0,0,"18.000,00","0,00",0,0.0,0.0
575,11.7.2024,"18.000,00",0,0,"18.000,00","0,00",0,0.0,0.0
576,10.7.2024,"18.000,00",0,0,"18.000,00","0,00",0,0.0,0.0
577,09.7.2024,"18.000,00",0,0,"18.000,00","0,00",0,0.0,0.0
578,08.7.2024,"18.000,00",0,0,"18.000,00","0,00",0,0.0,0.0
579,05.7.2024,"18.000,00",0,0,"18.000,00","0,00",0,0.0,0.0
580,04.7.2024,"18.000,00",0,0,"18.000,00","0,00",0,0.0,0.0
581,03.7.2024,"18.000,00",0,0,"18.000,00","0,00",0,0.0,0.0
582,02.7.2024,"18.000,00",0,0,"18.000,00","0,00",0,0.0,0.0
583,01.7.2024,"18.000,00",0,0,"18.000,00","0,00",0,0.0,0.0
584,28.6.2024,"18.000,00",0,0,"18.000,00","0,00",0,0.0,0.0
585,27.6.2024,"18.000,00",0,0,"18.000,00","0,00",0,0.0,0.0
586,26.6.2024,"18.000,00",0,0,"18.000,00","0,00",0,0.0,0.0
587,25.6.2024,"18.000,00",0,0,"18.000,00","0,00",0,0.0,0.0
588,24.6.2024,"18.000,00",0,0,"18.000,00","0,00",0,0.0,0.0
589,20.6.2024,"18.000,00",0,0,"18.000,00","0,00",0,0.0,0.0
590,19.6.2024,"18.000,00",0,0,"18.000,00","0,00",0,0.0,0.0
591,18.6.2024,"18.000,00",0,0,"18.000,00","0,00",0,0.0,0.0
592,17.6.2024,"18.000,00",0,0,"18.000,00","0,00",0,0.0,0.0
593,14.6.2024,"18.000,00",0,0,"18.000,00","0,00",0,0.0,0.0
594,13.6.2024,"18.000,00",0,0,"18.000,00","0,00",0,0.0,0.0
595,12.6.2024,"18.000,00",0,0,"18.000,00","0,00",0,0.0,0.0
596,11.6.2024,"18.000,00",0,0,"18.000,00","0,00",0,0.0,0.0
597,10.6.2024,"18.000,00",0,0,"18.000,00","0,00",0,0.0,0.0
598,07.6.2024,"18.000,00",0,0,"18.000,00","0,00",0,0.0,0.0
599,06.6.2024,"18.000,00",0,0,"18.000,00","0,00",0,0.0,0.0
600,05.6.2024,"18.000,00",0,0,"18.000,00","0,00",0,0.0,0.0
601,04.6.2024,"18.000,00",0,0,"18.000,00","0,00",0,0.0,0.0
602,03.6.2024,"18.000,00",0,0,"18.000,00","0,00",0,0.0,0.0
603,31.5.2024,"18.000,00",0,0,"18.000,00","0,00",0,0.0,0.0
604,30.5.2024,"18.000,00",0,0,"18.000,00","0,00",0,0.0,0.0
605,29.5.2024,"18.000,00",0,0,"18.000,00","0,00",0,0.0,0.0
606,28.5.2024,"18.000,00",0,0,"18.000,00","0,00",0,0.0,0.0
607,27.5.2024,"18.000,00",0,0,"18.000,00","0,00",0,0.0,0.0
608,23.5.2024,"18.000,00",0,0,"18.000,00","0,00",0,0.0,0.0
609,22.5.2024,"18.000,00",0,0,"18.000,00","0,00",0,0.0,0.0
610,21.5.2024,"18.000,00",0,0,"18.000,00","0,00",0,0.0,0.0
611,20.5.2024,"18.000,00",0,0,"18.000,00","0,00",0,0.0,0.0
612,17.5.2024,"18.000,00",0,0,"18.000,00","0,00",0,0.0,0.0
613,16.5.2024,"18.000,00",0,0,"18.000,00","0,00",0,0.0,0.0
614,15.5.2024,"18.000,00",0,0,"18.000,00","0,00",0,0.0,0.0
615,14.5.2024,"18.000,00",0,0,"18.000,00","0,00",0,0.0,0.0
616,13.5.2024,"18.000,00",0,0,"18.000,00","0,00",0,0.0,0.0
617,10.5.2024,"18.000,00",0,0,"18.000,00","0,00",0,0.0,0.0
618,09.5.2024,"18.000,00",0,0,"18.000,00","0,00",0,0.0,0.0
619,07.5.2024,"18.000,00",0,0,"18.000,00","0,00",0,0.0,0.0
620,02.5.2024,"18.000,00",0,0,"18.000,00","0,00",0,0.0,0.0
621,30.4.2024,"18.000,00",0,0,"18.000,00","0,00",0,0.0,0.0
622,29.4.2024,"18.000,00",0,0,"18.000,00","0,00",0,0.0,0.0
623,26.4.2024,"18.000,00",0,0,"18.000,00","0,00",0,0.0,0.0
624,25.4.2024,"18.000,00","18.000,00","18.000,00","18.000,00","-18,18",10,180.0,180.0
625,23.4.2024,"22.000,00",0,0,"22.000,00","0,00",0,0.0,0.0
626,22.4.2024,"22.000,00",0,0,"22.000,00","0,00",0,0.0,0.0
627,19.4.2024,"22.000,00",0,0,"22.000,00","0,00",0,0.0,0.0
628,18.4.2024,"22.000,00",0,0,"22.000,00","0,00",0,0.0,0.0
629,17.4.2024,"22.000,00",0,0,"22.000,00","0,00",0,0.0,0.0
630,16.4.2024,"22.000,00",0,0,"22.000,00","0,00",0,0.0,0.0
631,15.4.2024,"22.000,00",0,0,"22.000,00","0,00",0,0.0,0.0
632,12.4.2024,"22.000,00",0,0,"22.000,00","0,00",0,0.0,0.0
633,11.4.2024,"22.000,00",0,0,"22.000,00","0,00",0,0.0,0.0
634,09.4.2024,"22.000,00",0,0,"22.000,00","0,00",0,0.0,0.0
635,08.4.2024,"22.000,00",0,0,"22.000,00","0,00",0,0.0,0.0
636,05.4.2024,"22.000,00",0,0,"22.000,00","0,00",0,0.0,0.0
637,04.4.2024,"22.000,00",0,0,"22.000,00","0,00",0,0.0,0.0
638,03.4.2024,"22.000,00",0,0,"22.000,00","0,00",0,0.0,0.0
639,02.4.2024,"22.000,00",0,0,"22.000,00","0,00",0,0.0,0.0
640,01.4.2024,"22.000,00",0,0,"22.000,00","0,00",0,0.0,0.0
641,29.3.2024,"22.000,00",0,0,"22.000,00","0,00",0,0.0,0.0
642,28.3.2024,"22.000,00",0,0,"22.000,00","0,00",0,0.0,0.0
643,27.3.2024,"22.000,00",0,0,"22.000,00","0,00",0,0.0,0.0
644,26.3.2024,"22.000,00",0,0,"22.000,00","0,00",0,0.0,0.0
645,25.3.2024,"22.000,00",0,0,"22.000,00","0,00",0,0.0,0.0
646,22.3.2024,"22.000,00",0,0,"22.000,00","0,00",0,0.0,0.0
647,21.3.2024,"22.000,00",0,0,"22.000,00","0,00",0,0.0,0.0
648,20.3.2024,"22.000,00",0,0,"22.000,00","0,00",0,0.0,0.0
649,19.3.2024,"22.000,00",0,0,"22.000,00","0,00",0,0.0,0.0
650,18.3.2024,"22.000,00",0,0,"22.000,00","0,00",0,0.0,0.0
651,15.3.2024,"22.000,00",0,0,"22.000,00","0,00",0,0.0,0.0
652,14.3.2024,"22.000,00",0,0,"22.000,00","0,00",0,0.0,0.0
653,13.3.2024,"22.000,00",0,0,"22.000,00","0,00",0,0.0,0.0
654,12.3.2024,"22.000,00",0,0,"22.000,00","0,00",0,0.0,0.0
655,11.3.2024,"22.000,00",0,0,"22.000,00","0,00",0,0.0,0.0
656,08.3.2024,"22.000,00",0,0,"22.000,00","0,00",0,0.0,0.0
657,07.3.2024,"22.000,00",0,0,"22.000,00","0,00",0,0.0,0.0
658,06.3.2024,"22.000,00",0,0,"22.000,00","0,00",0,0.0,0.0
659,05.3.2024,"22.000,00",0,0,"22.000,00","0,00",0,0.0,0.0
660,07.11.2024,"18.000,00",0,0,"18.000,00","0,00",0,0.0,0.0
661,06.11.2024,"18.000,00",0,0,"18.000,00","0,00",0,0.0,0.0
662,05.11.2024,"18.000,00",0,0,"18.000,00","0,00",0,0.0,0.0
663,04.11.2024,"18.000,00",0,0,"18.000,00","0,00",0,0.0,0.0
664,01.11.2024,"18.000,00",0,0,"18.000,00","0,00",0,0.0,0.0
665,31.10.2024,"18.000,00",0,0,"18.000,00","0,00",0,0.0,0.0
666,30.10.2024,"18.000,00",0,0,"18.000,00","0,00",0,0.0,0.0
667,29.10.2024,"18.000,00",0,0,"18.000,00","0,00",0,0.0,0.0
668,28.10.2024,"18.000,00",0,0,"18.000,00","0,00",0,0.0,0.0
669,25.10.2024,"18.000,00",0,0,"18.000,00","0,00",0,0.0,0.0
670,24.10.2024,"18.000,00",0,0,"18.000,00","0,00",0,0.0,0.0
671,22.10.2024,"18.000,00",0,0,"18.000,00","0,00",0,0.0,0.0
672,21.10.2024,"18.000,00",0,0,"18.000,00","0,00",0,0.0,0.0
673,18.10.2024,"18.000,00",0,0,"18.000,00","0,00",0,0.0,0.0
674,17.10.2024,"18.000,00",0,0,"18.000,00","0,00",0,0.0,0.0
675,16.10.2024,"18.000,00",0,0,"18.000,00","0,00",0,0.0,0.0
676,15.10.2024,"18.000,00",0,0,"18.000,00","0,00",0,0.0,0.0
677,14.10.2024,"18.000,00",0,0,"18.000,00","0,00",0,0.0,0.0
678,10.10.2024,"18.000,00",0,0,"18.000,00","0,00",0,0.0,0.0
679,09.10.2024,"18.000,00",0,0,"18.000,00","0,00",0,0.0,0.0
680,08.10.2024,"18.000,00",0,0,"18.000,00","0,00",0,0.0,0.0
681,07.10.2024,"18.000,00",0,0,"18.000,00","0,00",0,0.0,0.0
682,04.10.2024,"18.000,00",0,0,"18.000,00","0,00",0,0.0,0.0
683,03.10.2024,"18.000,00",0,0,"18.000,00","0,00",0,0.0,0.0
684,02.10.2024,"18.000,00",0,0,"18.000,00","0,00",0,0.0,0.0
685,01.10.2024,"18.000,00",0,0,"18.000,00","0,00",0,0.0,0.0
686,30.9.2024,"18.000,00",0,0,"18.000,00","0,00",0,0.0,0.0
687,27.9.2024,"18.000,00",0,0,"18.000,00","0,00",0,0.0,0.0
688,26.9.2024,"18.000,00",0,0,"18.000,00","0,00",0,0.0,0.0
689,25.9.2024,"18.000,00",0,0,"18.000,00","0,00",0,0.0,0.0
690,24.9.2024,"18.000,00",0,0,"18.000,00","0,00",0,0.0,0.0
691,23.9.2024,"18.000,00",0,0,"18.000,00","0,00",0,0.0,0.0
692,20.9.2024,"18.000,00",0,0,"18.000,00","0,00",0,0.0,0.0
693,19.9.2024,"18.000,00",0,0,"18.000,00","0,00",0,0.0,0.0
694,18.9.2024,"18.000,00",0,0,"18.000,00","0,00",0,0.0,0.0
695,17.9.2024,"18.000,00",0,0,"18.000,00","0,00",0,0.0,0.0
696,16.9.2024,"18.000,00",0,0,"18.000,00","0,00",0,0.0,0.0
697,13.9.2024,"18.000,00",0,0,"18.000,00","0,00",0,0.0,0.0
698,12.9.2024,"18.000,00",0,0,"18.000,00","0,00",0,0.0,0.0
699,11.9.2024,"18.000,00",0,0,"18.000,00","0,00",0,0.0,0.0
700,10.9.2024,"18.000,00",0,0,"18.000,00","0,00",0,0.0,0.0
701,06.9.2024,"18.000,00",0,0,"18.000,00","0,00",0,0.0,0.0
702,05.9.2024,"18.000,00",0,0,"18.000,00","0,00",0,0.0,0.0
703,04.9.2024,"18.000,00",0,0,"18.000,00","0,00",0,0.0,0.0
704,03.9.2024,"18.000,00",0,0,"18.000,00","0,00",0,0.0,0.0
705,02.9.2024,"18.000,00",0,0,"18.000,00","0,00",0,0.0,0.0
706,30.8.2024,"18.000,00",0,0,"18.000,00","0,00",0,0.0,0.0
707,29.8.2024,"18.000,00",0,0,"18.000,00","0,00",0,0.0,0.0
708,27.8.2024,"18.000,00",0,0,"18.000,00","0,00",0,0.0,0.0
709,26.8.2024,"18.000,00",0,0,"18.000,00","0,00",0,0.0,0.0
710,23.8.2024,"18.000,00",0,0,"18.000,00","0,00",0,0.0,0.0
711,22.8.2024,"18.000,00",0,0,"18.000,00","0,00",0,0.0,0.0
712,21.8.2024,"18.000,00",0,0,"18.000,00","0,00",0,0.0,0.0
713,20.8.2024,"18.000,00",0,0,"18.000,00","0,00",0,0.0,0.0
714,19.8.2024,"18.000,00",0,0,"18.000,00","0,00",0,0.0,0.0
715,16.8.2024,"18.000,00",0,0,"18.000,00","0,00",0,0.0,0.0
716,15.8.2024,"18.000,00",0,0,"18.000,00","0,00",0,0.0,0.0
717,14.8.2024,"18.000,00",0,0,"18.000,00","0,00",0,0.0,0.0
718,13.8.2024,"18.000,00",0,0,"18.000,00","0,00",0,0.0,0.0
719,12.8.2024,"18.000,00",0,0,"18.000,00","0,00",0,0.0,0.0
720,09.8.2024,"18.000,00",0,0,"18.000,00","0,00",0,0.0,0.0
721,08.8.2024,"18.000,00",0,0,"18.000,00","0,00",0,0.0,0.0
722,07.8.2024,"18.000,00",0,0,"18.000,00","0,00",0,0.0,0.0
723,06.8.2024,"18.000,00",0,0,"18.000,00","0,00",0,0.0,0.0
724,05.8.2024,"18.000,00",0,0,"18.000,00","0,00",0,0.0,0.0
725,01.8.2024,"18.000,00",0,0,"18.000,00","0,00",0,0.0,0.0
726,31.7.2024,"18.000,00",0,0,"18.000,00","0,00",0,0.0,0.0
727,30.7.2024,"18.000,00",0,0,"18.000,00","0,00",0,0.0,0.0
728,29.7.2024,"18.000,00",0,0,"18.000,00","0,00",0,0.0,0.0
729,26.7.2024,"18.000,00",0,0,"18.000,00","0,00",0,0.0,0.0
730,25.7.2024,"18.000,00",0,0,"18.000,00","0,00",0,0.0,0.0
731,24.7.2024,"18.000,00",0,0,"18.000,00","0,00",0,0.0,0.0
732,23.7.2024,"18.000,00",0,0,"18.000,00","0,00",0,0.0,0.0
733,22.7.2024,"18.000,00",0,0,"18.000,00","0,00",0,0.0,0.0
734,19.7.2024,"18.000,00",0,0,"18.000,00","0,00",0,0.0,0.0
735,18.7.2024,"18.000,00",0,0,"18.000,00","0,00",0,0.0,0.0
736,17.7.2024,"18.000,00",0,0,"18.000,00","0,00",0,0.0,0.0
737,16.7.2024,"18.000,00",0,0,"18.000,00","0,00",0,0.0,0.0
738,15.7.2024,"18.000,00",0,0,"18.000,00","0,00",0,0.0,0.0
739,12.7.2024,"18.000,00",0,0,"18.000,00","0,00",0,0.0,0.0
740,11.7.2024,"18.000,00",0,0,"18.000,00","0,00",0,0.0,0.0
741,10.7.2024,"18.000,00",0,0,"18.000,00","0,00",0,0.0,0.0
742,09.7.2024,"18.000,00",0,0,"18.000,00","0,00",0,0.0,0.0
743,08.7.2024,"18.000,00",0,0,"18.000,00","0,00",0,0.0,0.0
744,05.7.2024,"18.000,00",0,0,"18.000,00","0,00",0,0.0,0.0
745,04.7.2024,"18.000,00",0,0,"18.000,00","0,00",0,0.0,0.0
746,03.7.2024,"18.000,00",0,0,"18.000,00","0,00",0,0.0,0.0
747,02.7.2024,"18.000,00",0,0,"18.000,00","0,00",0,0.0,0.0
748,01.7.2024,"18.000,00",0,0,"18.000,00","0,00",0,0.0,0.0
749,28.6.2024,"18.000,00",0,0,"18.000,00","0,00",0,0.0,0.0
750,27.6.2024,"18.000,00",0,0,"18.000,00","0,00",0,0.0,0.0
751,26.6.2024,"18.000,00",0,0,"18.000,00","0,00",0,0.0,0.0
752,25.6.2024,"18.000,00",0,0,"18.000,00","0,00",0,0.0,0.0
753,24.6.2024,"18.000,00",0,0,"18.000,00","0,00",0,0.0,0.0
754,20.6.2024,"18.000,00",0,0,"18.000,00","0,00",0,0.0,0.0
755,19.6.2024,"18.000,00",0,0,"18.000,00","0,00",0,0.0,0.0
756,18.6.2024,"18.000,00",0,0,"18.000,00","0,00",0,0.0,0.0
757,17.6.2024,"18.000,00",0,0,"18.000,00","0,00",0,0.0,0.0
758,14.6.2024,"18.000,00",0,0,"18.000,00","0,00",0,0.0,0.0
759,13.6.2024,"18.000,00",0,0,"18.000,00","0,00",0,0.0,0.0
760,12.6.2024,"18.000,00",0,0,"18.000,00","0,00",0,0.0,0.0
761,11.6.2024,"18.000,00",0,0,"18.000,00","0,00",0,0.0,0.0
762,10.6.2024,"18.000,00",0,0,"18.000,00","0,00",0,0.0,0.0
763,07.6.2024,"18.000,00",0,0,"18.000,00","0,00",0,0.0,0.0
764,06.6.2024,"18.000,00",0,0,"18.000,00","0,00",0,0.0,0.0
765,05.6.2024,"18.000,00",0,0,"18.000,00","0,00",0,0.0,0.0
766,04.6.2024,"18.000,00",0,0,"18.000,00","0,00",0,0.0,0.0
767,03.6.2024,"18.000,00",0,0,"18.000,00","0,00",0,0.0,0.0
768,31.5.2024,"18.000,00",0,0,"18.000,00","0,00",0,0.0,0.0
769,30.5.2024,"18.000,00",0,0,"18.000,00","0,00",0,0.0,0.0
770,29.5.2024,"18.000,00",0,0,"18.000,00","0,00",0,0.0,0.0
771,28.5.2024,"18.000,00",0,0,"18.000,00","0,00",0,0.0,0.0
772,27.5.2024,"18.000,00",0,0,"18.000,00","0,00",0,0.0,0.0
773,23.5.2024,"18.000,00",0,0,"18.000,00","0,00",0,0.0,0.0
774,22.5.2024,"18.000,00",0,0,"18.000,00","0,00",0,0.0,0.0
775,21.5.2024,"18.000,00",0,0,"18.000,00","0,00",0,0.0,0.0
776,20.5.2024,"18.000,00",0,0,"18.000,00","0,00",0,0.0,0.0
777,17.5.2024,"18.000,00",0,0,"18.000,00","0,00",0,0.0,0.0
778,16.5.2024,"18.000,00",0,0,"18.000,00","0,00",0,0.0,0.0
779,15.5.2024,"18.000,00",0,0,"18.000,00","0,00",0,0.0,0.0
780,14.5.2024,"18.000,00",0,0,"18.000,00","0,00",0,0.0,0.0
781,13.5.2024,"18.000,00",0,0,"18.000,00","0,00",0,0.0,0.0
782,10.5.2024,"18.000,00",0,0,"18.000,00","0,00",0,0.0,0.0
783,09.5.2024,"18.000,00",0,0,"18.000,00","0,00",0,0.0,0.0
784,07.5.2024,"18.000,00",0,0,"18.000,00","0,00",0,0.0,0.0
785,02.5.2024,"18.000,00",0,0,"18.000,00","0,00",0,0.0,0.0
786,30.4.2024,"18.000,00",0,0,"18.000,00","0,00",0,0.0,0.0
787,29.4.2024,"18.000,00",0,0,"18.000,00","0,00",0,0.0,0.0
788,26.4.2024,"18.000,00",0,0,"18.000,00","0,00",0,0.0,0.0
789,25.4.2024,"18.000,00","18.000,00","18.000,00","18.000,00","-18,18",10,180.0,180.0
790,23.4.2024,"22.000,00",0,0,"22.000,00","0,00",0,0.0,0.0
791,22.4.2024,"22.000,00",0,0,"22.000,00","0,00",0,0.0,0.0
792,19.4.2024,"22.000,00",0,0,"22.000,00","0,00",0,0.0,0.0
793,18.4.2024,"22.000,00",0,0,"22.000,00","0,00",0,0.0,0.0
794,17.4.2024,"22.000,00",0,0,"22.000,00","0,00",0,0.0,0.0
795,16.4.2024,"22.000,00",0,0,"22.000,00","0,00",0,0.0,0.0
796,15.4.2024,"22.000,00",0,0,"22.000,00","0,00",0,0.0,0.0
797,12.4.2024,"22.000,00",0,0,"22.000,00","0,00",0,0.0,0.0
798,11.4.2024,"22.000,00",0,0,"22.000,00","0,00",0,0.0,0.0
799,09.4.2024,"22.000,00",0,0,"22.000,00","0,00",0,0.0,0.0
800,08.4.2024,"22.000,00",0,0,"22.000,00","0,00",0,0.0,0.0
801,05.4.2024,"22.000,00",0,0,"22.000,00","0,00",0,0.0,0.0
802,04.4.2024,"22.000,00",0,0,"22.000,00","0,00",0,0.0,0.0
803,03.4.2024,"22.000,00",0,0,"22.000,00","0,00",0,0.0,0.0
804,02.4.2024,"22.000,00",0,0,"22.000,00","0,00",0,0.0,0.0
805,01.4.2024,"22.000,00",0,0,"22.000,00","0,00",0,0.0,0.0
806,29.3.2024,"22.000,00",0,0,"22.000,00","0,00",0,0.0,0.0
807,28.3.2024,"22.000,00",0,0,"22.000,00","0,00",0,0.0,0.0
808,27.3.2024,"22.000,00",0,0,"22.000,00","0,00",0,0.0,0.0
809,26.3.2024,"22.000,00",0,0,"22.000,00","0,00",0,0.0,0.0
810,25.3.2024,"22.000,00",0,0,"22.000,00","0,00",0,0.0,0.0
811,22.3.2024,"22.000,00",0,0,"22.000,00","0,00",0,0.0,0.0
812,21.3.2024,"22.000,00",0,0,"22.000,00","0,00",0,0.0,0.0
813,20.3.2024,"22.000,00",0,0,"22.000,00","0,00",0,0.0,0.0
814,19.3.2024,"22.000,00",0,0,"22.000,00","0,00",0,0.0,0.0
815,18.3.2024,"22.000,00",0,0,"22.000,00","0,00",0,0.0,0.0
816,15.3.2024,"22.000,00",0,0,"22.000,00","0,00",0,0.0,0.0
817,14.3.2024,"22.000,00",0,0,"22.000,00","0,00",0,0.0,0.0
818,13.3.2024,"22.000,00",0,0,"22.000,00","0,00",0,0.0,0.0
819,12.3.2024,"22.000,00",0,0,"22.000,00","0,00",0,0.0,0.0
820,11.3.2024,"22.000,00",0,0,"22.000,00","0,00",0,0.0,0.0
821,08.3.2024,"22.000,00",0,0,"22.000,00","0,00",0,0.0,0.0
822,07.3.2024,"22.000,00",0,0,"22.000,00","0,00",0,0.0,0.0
823,06.3.2024,"22.000,00",0,0,"22.000,00","0,00",0,0.0,0.0
824,05.3.2024,"22.000,00",0,0,"22.000,00","0,00",0,0.0,0.0
825,07.11.2024,"18.000,00",0,0,"18.000,00","0,00",0,0.0,0.0
826,06.11.2024,"18.000,00",0,0,"18.000,00","0,00",0,0.0,0.0
827,05.11.2024,"18.000,00",0,0,"18.000,00","0,00",0,0.0,0.0
828,04.11.2024,"18.000,00",0,0,"18.000,00","0,00",0,0.0,0.0
829,01.11.2024,"18.000,00",0,0,"18.000,00","0,00",0,0.0,0.0
830,31.10.2024,"18.000,00",0,0,"18.000,00","0,00",0,0.0,0.0
831,30.10.2024,"18.000,00",0,0,"18.000,00","0,00",0,0.0,0.0
832,29.10.2024,"18.000,00",0,0,"18.000,00","0,00",0,0.0,0.0
833,28.10.2024,"18.000,00",0,0,"18.000,00","0,00",0,0.0,0.0
834,25.10.2024,"18.000,00",0,0,"18.000,00","0,00",0,0.0,0.0
835,24.10.2024,"18.000,00",0,0,"18.000,00","0,00",0,0.0,0.0
836,22.10.2024,"18.000,00",0,0,"18.000,00","0,00",0,0.0,0.0
837,21.10.2024,"18.000,00",0,0,"18.000,00","0,00",0,0.0,0.0
838,18.10.2024,"18.000,00",0,0,"18.000,00","0,00",0,0.0,0.0
839,17.10.2024,"18.000,00",0,0,"18.000,00","0,00",0,0.0,0.0
840,16.10.2024,"18.000,00",0,0,"18.000,00","0,00",0,0.0,0.0
841,15.10.2024,"18.000,00",0,0,"18.000,00","0,00",0,0.0,0.0
842,14.10.2024,"18.000,00",0,0,"18.000,00","0,00",0,0.0,0.0
843,10.10.2024,"18.000,00",0,0,"18.000,00","0,00",0,0.0,0.0
844,09.10.2024,"18.000,00",0,0,"18.000,00","0,00",0,0.0,0.0
845,08.10.2024,"18.000,00",0,0,"18.000,00","0,00",0,0.0,0.0
846,07.10.2024,"18.000,00",0,0,"18.000,00","0,00",0,0.0,0.0
847,04.10.2024,"18.000,00",0,0,"18.000,00","0,00",0,0.0,0.0
848,03.10.2024,"18.000,00",0,0,"18.000,00","0,00",0,0.0,0.0
849,02.10.2024,"18.000,00",0,0,"18.000,00","0,00",0,0.0,0.0
850,01.10.2024,"18.000,00",0,0,"18.000,00","0,00",0,0.0,0.0
851,30.9.2024,"18.000,00",0,0,"18.000,00","0,00",0,0.0,0.0
852,27.9.2024,"18.000,00",0,0,"18.000,00","0,00",0,0.0,0.0
853,26.9.2024,"18.000,00",0,0,"18.000,00","0,00",0,0.0,0.0
854,25.9.2024,"18.000,00",0,0,"18.000,00","0,00",0,0.0,0.0
855,24.9.2024,"18.000,00",0,0,"18.000,00","0,00",0,0.0,0.0
856,23.9.2024,"18.000,00",0,0,"18.000,00","0,00",0,0.0,0.0
857,20.9.2024,"18.000,00",0,0,"18.000,00","0,00",0,0.0,0.0
858,19.9.2024,"18.000,00",0,0,"18.000,00","0,00",0,0.0,0.0
859,18.9.2024,"18.000,00",0,0,"18.000,00","0,00",0,0.0,0.0
860,17.9.2024,"18.000,00",0,0,"18.000,00","0,00",0,0.0,0.0
861,16.9.2024,"18.000,00",0,0,"18.000,00","0,00",0,0.0,0.0
862,13.9.2024,"18.000,00",0,0,"18.000,00","0,00",0,0.0,0.0
863,12.9.2024,"18.000,00",0,0,"18.000,00","0,00",0,0.0,0.0
864,11.9.2024,"18.000,00",0,0,"18.000,00","0,00",0,0.0,0.0
865,10.9.2024,"18.000,00",0,0,"18.000,00","0,00",0,0.0,0.0
866,06.9.2024,"18.000,00",0,0,"18.000,00","0,00",0,0.0,0.0
867,05.9.2024,"18.000,00",0,0,"18.000,00","0,00",0,0.0,0.0
868,04.9.2024,"18.000,00",0,0,"18.000,00","0,00",0,0.0,0.0
869,03.9.2024,"18.000,00",0,0,"18.000,00","0,00",0,0.0,0.0
870,02.9.2024,"18.000,00",0,0,"18.000,00","0,00",0,0.0,0.0
871,30.8.2024,"18.000,00",0,0,"18.000,00","0,00",0,0.0,0.0
872,29.8.2024,"18.000,00",0,0,"18.000,00","0,00",0,0.0,0.0
873,27.8.2024,"18.000,00",0,0,"18.000,00","0,00",0,0.0,0.0
874,26.8.2024,"18.000,00",0,0,"18.000,00","0,00",0,0.0,0.0
875,23.8.2024,"18.000,00",0,0,"18.000,00","0,00",0,0.0,0.0
876,22.8.2024,"18.000,00",0,0,"18.000,00","0,00",0,0.0,0.0
877,21.8.2024,"18.000,00",0,0,"18.000,00","0,00",0,0.0,0.0
878,20.8.2024,"18.000,00",0,0,"18.000,00","0,00",0,0.0,0.0
879,19.8.2024,"18.000,00",0,0,"18.000,00","0,00",0,0.0,0.0
880,16.8.2024,"18.000,00",0,0,"18.000,00","0,00",0,0.0,0.0
881,15.8.2024,"18.000,00",0,0,"18.000,00","0,00",0,0.0,0.0
882,14.8.2024,"18.000,00",0,0,"18.000,00","0,00",0,0.0,0.0
883,13.8.2024,"18.000,00",0,0,"18.000,00","0,00",0,0.0,0.0
884,12.8.2024,"18.000,00",0,0,"18.000,00","0,00",0,0.0,0.0
885,09.8.2024,"18.000,00",0,0,"18.000,00","0,00",0,0.0,0.0
886,08.8.2024,"18.000,00",0,0,"18.000,00","0,00",0,0.0,0.0
887,07.8.2024,"18.000,00",0,0,"18.000,00","0,00",0,0.0,0.0
888,06.8.2024,"18.000,00",0,0,"18.000,00","0,00",0,0.0,0.0
889,05.8.2024,"18.000,00",0,0,"18.000,00","0,00",0,0.0,0.0
890,01.8.2024,"18.000,00",0,0,"18.000,00","0,00",0,0.0,0.0
891,31.7.2024,"18.000,00",0,0,"18.000,00","0,00",0,0.0,0.0
892,30.7.2024,"18.000,00",0,0,"18.000,00","0,00",0,0.0,0.0
893,29.7.2024,"18.000,00",0,0,"18.000,00","0,00",0,0.0,0.0
894,26.7.2024,"18.000,00",0,0,"18.000,00","0,00",0,0.0,0.0
895,25.7.2024,"18.000,00",0,0,"18.000,00","0,00",0,0.0,0.0
896,24.7.2024,"18.000,00",0,0,"18.000,00","0,00",0,0.0,0.0
897,23.7.2024,"18.000,00",0,0,"18.000,00","0,00",0,0.0,0.0
898,22.7.2024,"18.000,00",0,0,"18.000,00","0,00",0,0.0,0.0
899,19.7.2024,"18.000,00",0,0,"18.000,00","0,00",0,0.0,0.0
900,18.7.2024,"18.000,00",0,0,"18.000,00","0,00",0,0.0,0.0
901,17.7.2024,"18.000,00",0,0,"18.000,00","0,00",0,0.0,0.0
902,16.7.2024,"18.000,00",0,0,"18.000,00","0,00",0,0.0,0.0
903,15.7.2024,"18.000,00",0,0,"18.000,00","0,00",0,0.0,0.0
904,12.7.2024,"18.000,00",0,0,"18.000,00","0,00",0,0.0,0.0
905,11.7.2024,"18.000,00",0,0,"18.000,00","0,00",0,0.0,0.0
906,10.7.2024,"18.000,00",0,0,"18.000,00","0,00",0,0.0,0.0
907,09.7.2024,"18.000,00",0,0,"18.000,00","0,00",0,0.0,0.0
908,08.7.2024,"18.000,00",0,0,"18.000,00","0,00",0,0.0,0.0
909,05.7.2024,"18.000,00",0,0,"18.000,00","0,00",0,0.0,0.0
910,04.7.2024,"18.000,00",0,0,"18.000,00","0,00",0,0.0,0.0
911,03.7.2024,"18.000,00",0,0,"18.000,00","0,00",0,0.0,0.0
912,02.7.2024,"18.000,00",0,0,"18.000,00","0,00",0,0.0,0.0
913,01.7.2024,"18.000,00",0,0,"18.000,00","0,00",0,0.0,0.0
914,28.6.2024,"18.000,00",0,0,"18.000,00","0,00",0,0.0,0.0
915,27.6.2024,"18.000,00",0,0,"18.000,00","0,00",0,0.0,0.0
916,26.6.2024,"18.000,00",0,0,"18.000,00","0,00",0,0.0,0.0
917,25.6.2024,"18.000,00",0,0,"18.000,00","0,00",0,0.0,0.0
918,24.6.2024,"18.000,00",0,0,"18.000,00","0,00",0,0.0,0.0
919,20.6.2024,"18.000,00",0,0,"18.000,00","0,00",0,0.0,0.0
920,19.6.2024,"18.000,00",0,0,"18.000,00","0,00",0,0.0,0.0
921,18.6.2024,"18.000,00",0,0,"18.000,00","0,00",0,0.0,0.0
922,17.6.2024,"18.000,00",0,0,"18.000,00","0,00",0,0.0,0.0
923,14.6.2024,"18.000,00",0,0,"18.000,00","0,00",0,0.0,0.0
924,13.6.2024,"18.000,00",0,0,"18.000,00","0,00",0,0.0,0.0
925,12.6.2024,"18.000,00",0,0,"18.000,00","0,00",0,0.0,0.0
926,11.6.2024,"18.000,00",0,0,"18.000,00","0,00",0,0.0,0.0
927,10.6.2024,"18.000,00",0,0,"18.000,00","0,00",0,0.0,0.0
928,07.6.2024,"18.000,00",0,0,"18.000,00","0,00",0,0.0,0.0
929,06.6.2024,"18.000,00",0,0,"18.000,00","0,00",0,0.0,0.0
930,05.6.2024,"18.000,00",0,0,"18.000,00","0,00",0,0.0,0.0
931,04.6.2024,"18.000,00",0,0,"18.000,00","0,00",0,0.0,0.0
932,03.6.2024,"18.000,00",0,0,"18.000,00","0,00",0,0.0,0.0
933,31.5.2024,"18.000,00",0,0,"18.000,00","0,00",0,0.0,0.0
934,30.5.2024,"18.000,00",0,0,"18.000,00","0,00",0,0.0,0.0
935,29.5.2024,"18.000,00",0,0,"18.000,00","0,00",0,0.0,0.0
936,28.5.2024,"18.000,00",0,0,"18.000,00","0,00",0,0.0,0.0
937,27.5.2024,"18.000,00",0,0,"18.000,00","0,00",0,0.0,0.0
938,23.5.2024,"18.000,00",0,0,"18.000,00","0,00",0,0.0,0.0
939,22.5.2024,"18.000,00",0,0,"18.000,00","0,00",0,0.0,0.0
940,21.5.2024,"18.000,00",0,0,"18.000,00","0,00",0,0.0,0.0
941,20.5.2024,"18.000,00",0,0,"18.000,00","0,00",0,0.0,0.0
942,17.5.2024,"18.000,00",0,0,"18.000,00","0,00",0,0.0,0.0
943,16.5.2024,"18.000,00",0,0,"18.000,00","0,00",0,0.0,0.0
944,15.5.2024,"18.000,00",0,0,"18.000,00","0,00",0,0.0,0.0
945,14.5.2024,"18.000,00",0,0,"18.000,00","0,00",0,0.0,0.0
946,13.5.2024,"18.000,00",0,0,"18.000,00","0,00",0,0.0,0.0
947,10.5.2024,"18.000,00",0,0,"18.000,00","0,00",0,0.0,0.0
948,09.5.2024,"18.000,00",0,0,"18.000,00","0,00",0,0.0,0.0
949,07.5.2024,"18.000,00",0,0,"18.000,00","0,00",0,0.0,0.0
950,02.5.2024,"18.000,00",0,0,"18.000,00","0,00",0,0.0,0.0
951,30.4.2024,"18.000,00",0,0,"18.000,00","0,00",0,0.0,0.0
952,29.4.2024,"18.000,00",0,0,"18.000,00","0,00",0,0.0,0.0
953,26.4.2024,"18.000,00",0,0,"18.000,00","0,00",0,0.0,0.0
954,25.4.2024,"18.000,00","18.000,00","18.000,00","18.000,00","-18,18",10,180.0,180.0
955,23.4.2024,"22.000,00",0,0,"22.000,00","0,00",0,0.0,0.0
956,22.4.2024,"22.000,00",0,0,"22.000,00","0,00",0,0.0,0.0
957,19.4.2024,"22.000,00",0,0,"22.000,00","0,00",0,0.0,0.0
958,18.4.2024,"22.000,00",0,0,"22.000,00","0,00",0,0.0,0.0
959,17.4.2024,"22.000,00",0,0,"22.000,00","0,00",0,0.0,0.0
960,16.4.2024,"22.000,00",0,0,"22.000,00","0,00",0,0.0,0.0
961,15.4.2024,"22.000,00",0,0,"22.000,00","0,00",0,0.0,0.0
962,12.4.2024,"22.000,00",0,0,"22.000,00","0,00",0,0.0,0.0
963,11.4.2024,"22.000,00",0,0,"22.000,00","0,00",0,0.0,0.0
964,09.4.2024,"22.000,00",0,0,"22.000,00","0,00",0,0.0,0.0
965,08.4.2024,"22.000,00",0,0,"22.000,00","0,00",0,0.0,0.0
966,05.4.2024,"22.000,00",0,0,"22.000,00","0,00",0,0.0,0.0
967,04.4.2024,"22.000,00",0,0,"22.000,00","0,00",0,0.0,0.0
968,03.4.2024,"22.000,00",0,0,"22.000,00","0,00",0,0.0,0.0
969,02.4.2024,"22.000,00",0,0,"22.000,00","0,00",0,0.0,0.0
970,01.4.2024,"22.000,00",0,0,"22.000,00","0,00",0,0.0,0.0
971,29.3.2024,"22.000,00",0,0,"22.000,00","0,00",0,0.0,0.0
972,28.3.2024,"22.000,00",0,0,"22.000,00","0,00",0,0.0,0.0
973,27.3.2024,"22.000,00",0,0,"22.000,00","0,00",0,0.0,0.0
974,26.3.2024,"22.000,00",0,0,"22.000,00","0,00",0,0.0,0.0
975,25.3.2024,"22.000,00",0,0,"22.000,00","0,00",0,0.0,0.0
976,22.3.2024,"22.000,00",0,0,"22.000,00","0,00",0,0.0,0.0
977,21.3.2024,"22.000,00",0,0,"22.000,00","0,00",0,0.0,0.0
978,20.3.2024,"22.000,00",0,0,"22.000,00","0,00",0,0.0,0.0
979,19.3.2024,"22.000,00",0,0,"22.000,00","0,00",0,0.0,0.0
980,18.3.2024,"22.000,00",0,0,"22.000,00","0,00",0,0.0,0.0
981,15.3.2024,"22.000,00",0,0,"22.000,00","0,00",0,0.0,0.0
982,14.3.2024,"22.000,00",0,0,"22.000,00","0,00",0,0.0,0.0
983,13.3.2024,"22.000,00",0,0,"22.000,00","0,00",0,0.0,0.0
984,12.3.2024,"22.000,00",0,0,"22.000,00","0,00",0,0.0,0.0
985,11.3.2024,"22.000,00",0,0,"22.000,00","0,00",0,0.0,0.0
986,08.3.2024,"22.000,00",0,0,"22.000,00","0,00",0,0.0,0.0
987,07.3.2024,"22.000,00",0,0,"22.000,00","0,00",0,0.0,0.0
988,06.3.2024,"22.000,00",0,0,"22.000,00","0,00",0,0.0,0.0
989,05.3.2024,"22.000,00",0,0,"22.000,00","0,00",0,0.0,0.0
990,07.11.2024,"18.000,00",0,0,"18.000,00","0,00",0,0.0,0.0
991,06.11.2024,"18.000,00",0,0,"18.000,00","0,00",0,0.0,0.0
992,05.11.2024,"18.000,00",0,0,"18.000,00","0,00",0,0.0,0.0
993,04.11.2024,"18.000,00",0,0,"18.000,00","0,00",0,0.0,0.0
994,01.11.2024,"18.000,00",0,0,"18.000,00","0,00",0,0.0,0.0
995,31.10.2024,"18.000,00",0,0,"18.000,00","0,00",0,0.0,0.0
996,30.10.2024,"18.000,00",0,0,"18.000,00","0,00",0,0.0,0.0
997,29.10.2024,"18.000,00",0,0,"18.000,00","0,00",0,0.0,0.0
998,28.10.2024,"18.000,00",0,0,"18.000,00","0,00",0,0.0,0.0
999,25.10.2024,"18.000,00",0,0,"18.000,00","0,00",0,0.0,0.0
1000,24.10.2024,"18.000,00",0,0,"18.000,00","0,00",0,0.0,0.0
1001,22.10.2024,"18.000,00",0,0,"18.000,00","0,00",0,0.0,0.0
1002,21.10.2024,"18.000,00",0,0,"18.000,00","0,00",0,0.0,0.0
1003,18.10.2024,"18.000,00",0,0,"18.000,00","0,00",0,0.0,0.0
1004,17.10.2024,"18.000,00",0,0,"18.000,00","0,00",0,0.0,0.0
1005,16.10.2024,"18.000,00",0,0,"18.000,00","0,00",0,0.0,0.0
1006,15.10.2024,"18.000,00",0,0,"18.000,00","0,00",0,0.0,0.0
1007,14.10.2024,"18.000,00",0,0,"18.000,00","0,00",0,0.0,0.0
1008,10.10.2024,"18.000,00",0,0,"18.000,00","0,00",0,0.0,0.0
1009,09.10.2024,"18.000,00",0,0,"18.000,00","0,00",0,0.0,0.0
1010,08.10.2024,"18.000,00",0,0,"18.000,00","0,00",0,0.0,0.0
1011,07.10.2024,"18.000,00",0,0,"18.000,00","0,00",0,0.0,0.0
1012,04.10.2024,"18.000,00",0,0,"18.000,00","0,00",0,0.0,0.0
1013,03.10.2024,"18.000,00",0,0,"18.000,00","0,00",0,0.0,0.0
1014,02.10.2024,"18.000,00",0,0,"18.000,00","0,00",0,0.0,0.0
1015,01.10.2024,"18.000,00",0,0,"18.000,00","0,00",0,0.0,0.0
1016,30.9.2024,"18.000,00",0,0,"18.000,00","0,00",0,0.0,0.0
1017,27.9.2024,"18.000,00",0,0,"18.000,00","0,00",0,0.0,0.0
1018,26.9.2024,"18.000,00",0,0,"18.000,00","0,00",0,0.0,0.0
1019,25.9.2024,"18.000,00",0,0,"18.000,00","0,00",0,0.0,0.0
1020,24.9.2024,"18.000,00",0,0,"18.000,00","0,00",0,0.0,0.0
1021,23.9.2024,"18.000,00",0,0,"18.000,00","0,00",0,0.0,0.0
1022,20.9.2024,"18.000,00",0,0,"18.000,00","0,00",0,0.0,0.0
1023,19.9.2024,"18.000,00",0,0,"18.000,00","0,00",0,0.0,0.0
1024,18.9.2024,"18.000,00",0,0,"18.000,00","0,00",0,0.0,0.0
1025,17.9.2024,"18.000,00",0,0,"18.000,00","0,00",0,0.0,0.0
1026,16.9.2024,"18.000,00",0,0,"18.000,00","0,00",0,0.0,0.0
1027,13.9.2024,"18.000,00",0,0,"18.000,00","0,00",0,0.0,0.0
1028,12.9.2024,"18.000,00",0,0,"18.000,00","0,00",0,0.0,0.0
1029,11.9.2024,"18.000,00",0,0,"18.000,00","0,00",0,0.0,0.0
1030,10.9.2024,"18.000,00",0,0,"18.000,00","0,00",0,0.0,0.0
1031,06.9.2024,"18.000,00",0,0,"18.000,00","0,00",0,0.0,0.0
1032,05.9.2024,"18.000,00",0,0,"18.000,00","0,00",0,0.0,0.0
1033,04.9.2024,"18.000,00",0,0,"18.000,00","0,00",0,0.0,0.0
1034,03.9.2024,"18.000,00",0,0,"18.000,00","0,00",0,0.0,0.0
1035,02.9.2024,"18.000,00",0,0,"18.000,00","0,00",0,0.0,0.0
1036,30.8.2024,"18.000,00",0,0,"18.000,00","0,00",0,0.0,0.0
1037,29.8.2024,"18.000,00",0,0,"18.000,00","0,00",0,0.0,0.0
1038,27.8.2024,"18.000,00",0,0,"18.000,00","0,00",0,0.0,0.0
1039,26.8.2024,"18.000,00",0,0,"18.000,00","0,00",0,0.0,0.0
1040,23.8.2024,"18.000,00",0,0,"18.000,00","0,00",0,0.0,0.0
1041,22.8.2024,"18.000,00",0,0,"18.000,00","0,00",0,0.0,0.0
1042,21.8.2024,"18.000,00",0,0,"18.000,00","0,00",0,0.0,0.0
1043,20.8.2024,"18.000,00",0,0,"18.000,00","0,00",0,0.0,0.0
1044,19.8.2024,"18.000,00",0,0,"18.000,00","0,00",0,0.0,0.0
1045,16.8.2024,"18.000,00",0,0,"18.000,00","0,00",0,0.0,0.0
1046,15.8.2024,"18.000,00",0,0,"18.000,00","0,00",0,0.0,0.0
1047,14.8.2024,"18.000,00",0,0,"18.000,00","0,00",0,0.0,0.0
1048,13.8.2024,"18.000,00",0,0,"18.000,00","0,00",0,0.0,0.0
1049,12.8.2024,"18.000,00",0,0,"18.000,00","0,00",0,0.0,0.0
1050,09.8.2024,"18.000,00",0,0,"18.000,00","0,00",0,0.0,0.0
1051,08.8.2024,"18.000,00",0,0,"18.000,00","0,00",0,0.0,0.0
1052,07.8.2024,"18.000,00",0,0,"18.000,00","0,00",0,0.0,0.0
1053,06.8.2024,"18.000,00",0,0,"18.000,00","0,00",0,0.0,0.0
1054,05.8.2024,"18.000,00",0,0,"18.000,00","0,00",0,0.0,0.0
1055,01.8.2024,"18.000,00",0,0,"18.000,00","0,00",0,0.0,0.0
1056,31.7.2024,"18.000,00",0,0,"18.000,00","0,00",0,0.0,0.0
1057,30.7.2024,"18.000,00",0,0,"18.000,00","0,00",0,0.0,0.0
1058,29.7.2024,"18.000,00",0,0,"18.000,00","0,00",0,0.0,0.0
1059,26.7.2024,"18.000,00",0,0,"18.000,00","0,00",0,0.0,0.0
1060,25.7.2024,"18.000,00",0,0,"18.000,00","0,00",0,0.0,0.0
1061,24.7.2024,"18.000,00",0,0,"18.000,00","0,00",0,0.0,0.0
1062,23.7.2024,"18.000,00",0,0,"18.000,00","0,00",0,0.0,0.0
1063,22.7.2024,"18.000,00",0,0,"18.000,00","0,00",0,0.0,0.0
1064,19.7.2024,"18.000,00",0,0,"18.000,00","0,00",0,0.0,0.0
1065,18.7.2024,"18.000,00",0,0,"18.000,00","0,00",0,0.0,0.0
1066,17.7.2024,"18.000,00",0,0,"18.000,00","0,00",0,0.0,0.0
1067,16.7.2024,"18.000,00",0,0,"18.000,00","0,00",0,0.0,0.0
1068,15.7.2024,"18.000,00",0,0,"18.000,00","0,00",0,0.0,0.0
1069,12.7.2024,"18.000,00",0,0,"18.000,00","0,00",0,0.0,0.0
1070,11.7.2024,"18.000,00",0,0,"18.000,00","0,00",0,0.0,0.0
1071,10.7.2024,"18.000,00",0,0,"18.000,00","0,00",0,0.0,0.0
1072,09.7.2024,"18.000,00",0,0,"18.000,00","0,00",0,0.0,0.0
1073,08.7.2024,"18.000,00",0,0,"18.000,00","0,00",0,0.0,0.0
1074,05.7.2024,"18.000,00",0,0,"18.000,00","0,00",0,0.0,0.0
1075,04.7.2024,"18.000,00",0,0,"18.000,00","0,00",0,0.0,0.0
1076,03.7.2024,"18.000,00",0,0,"18.000,00","0,00",0,0.0,0.0
1077,02.7.2024,"18.000,00",0,0,"18.000,00","0,00",0,0.0,0.0
1078,01.7.2024,"18.000,00",0,0,"18.000,00","0,00",0,0.0,0.0
1079,28.6.2024,"18.000,00",0,0,"18.000,00","0,00",0,0.0,0.0
1080,27.6.2024,"18.000,00",0,0,"18.000,00","0,00",0,0.0,0.0
1081,26.6.2024,"18.000,00",0,0,"18.000,00","0,00",0,0.0,0.0
1082,25.6.2024,"18.000,00",0,0,"18.000,00","0,00",0,0.0,0.0
1083,24.6.2024,"18.000,00",0,0,"18.000,00","0,00",0,0.0,0.0
1084,20.6.2024,"18.000,00",0,0,"18.000,00","0,00",0,0.0,0.0
1085,19.6.2024,"18.000,00",0,0,"18.000,00","0,00",0,0.0,0.0
1086,18.6.2024,"18.000,00",0,0,"18.000,00","0,00",0,0.0,0.0
1087,17.6.2024,"18.000,00",0,0,"18.000,00","0,00",0,0.0,0.0
1088,14.6.2024,"18.000,00",0,0,"18.000,00","0,00",0,0.0,0.0
1089,13.6.2024,"18.000,00",0,0,"18.000,00","0,00",0,0.0,0.0
1090,12.6.2024,"18.000,00",0,0,"18.000,00","0,00",0,0.0,0.0
1091,11.6.2024,"18.000,00",0,0,"18.000,00","0,00",0,0.0,0.0
1092,10.6.2024,"18.000,00",0,0,"18.000,00","0,00",0,0.0,0.0
1093,07.6.2024,"18.000,00",0,0,"18.000,00","0,00",0,0.0,0.0
1094,06.6.2024,"18.000,00",0,0,"18.000,00","0,00",0,0.0,0.0
1095,05.6.2024,"18.000,00",0,0,"18.000,00","0,00",0,0.0,0.0
1096,04.6.2024,"18.000,00",0,0,"18.000,00","0,00",0,0.0,0.0
1097,03.6.2024,"18.000,00",0,0,"18.000,00","0,00",0,0.0,0.0
1098,31.5.2024,"18.000,00",0,0,"18.000,00","0,00",0,0.0,0.0
1099,30.5.2024,"18.000,00",0,0,"18.000,00","0,00",0,0.0,0.0
1100,29.5.2024,"18.000,00",0,0,"18.000,00","0,00",0,0.0,0.0
1101,28.5.2024,"18.000,00",0,0,"18.000,00","0,00",0,0.0,0.0
1102,27.5.2024,"18.000,00",0,0,"18.000,00","0,00",0,0.0,0.0
1103,23.5.2024,"18.000,00",0,0,"18.000,00","0,00",0,0.0,0.0
1104,22.5.2024,"18.000,00",0,0,"18.000,00","0,00",0,0.0,0.0
1105,21.5.2024,"18.000,00",0,0,"18.000,00","0,00",0,0.0,0.0
1106,20.5.2024,"18.000,00",0,0,"18.000,00","0,00",0,0.0,0.0
1107,17.5.2024,"18.000,00",0,0,"18.000,00","0,00",0,0.0,0.0
1108,16.5.2024,"18.000,00",0,0,"18.000,00","0,00",0,0.0,0.0
1109,15.5.2024,"18.000,00",0,0,"18.000,00","0,00",0,0.0,0.0
1110,14.5.2024,"18.000,00",0,0,"18.000,00","0,00",0,0.0,0.0
1111,13.5.2024,"18.000,00",0,0,"18.000,00","0,00",0,0.0,0.0
1112,10.5.2024,"18.000,00",0,0,"18.000,00","0,00",0,0.0,0.0
1113,09.5.2024,"18.000,00",0,0,"18.000,00","0,00",0,0.0,0.0
1114,07.5.2024,"18.000,00",0,0,"18.000,00","0,00",0,0.0,0.0
1115,02.5.2024,"18.000,00",0,0,"18.000,00","0,00",0,0.0,0.0
1116,30.4.2024,"18.000,00",0,0,"18.000,00","0,00",0,0.0,0.0
1117,29.4.2024,"18.000,00",0,0,"18.000,00","0,00",0,0.0,0.0
1118,26.4.2024,"18.000,00",0,0,"18.000,00","0,00",0,0.0,0.0
1119,25.4.2024,"18.000,00","18.000,00","18.000,00","18.000,00","-18,18",10,180.0,180.0
1120,23.4.2024,"22.000,00",0,0,"22.000,00","0,00",0,0.0,0.0
1121,22.4.2024,"22.000,00",0,0,"22.000,00","0,00",0,0.0,0.0
1122,19.4.2024,"22.000,00",0,0,"22.000,00","0,00",0,0.0,0.0
1123,18.4.2024,"22.000,00",0,0,"22.000,00","0,00",0,0.0,0.0
1124,17.4.2024,"22.000,00",0,0,"22.000,00","0,00",0,0.0,0.0
1125,16.4.2024,"22.000,00",0,0,"22.000,00","0,00",0,0.0,0.0
1126,15.4.2024,"22.000,00",0,0,"22.000,00","0,00",0,0.0,0.0
1127,12.4.2024,"22.000,00",0,0,"22.000,00","0,00",0,0.0,0.0
1128,11.4.2024,"22.000,00",0,0,"22.000,00","0,00",0,0.0,0.0
1129,09.4.2024,"22.000,00",0,0,"22.000,00","0,00",0,0.0,0.0
1130,08.4.2024,"22.000,00",0,0,"22.000,00","0,00",0,0.0,0.0
1131,05.4.2024,"22.000,00",0,0,"22.000,00","0,00",0,0.0,0.0
1132,04.4.2024,"22.000,00",0,0,"22.000,00","0,00",0,0.0,0.0
1133,03.4.2024,"22.000,00",0,0,"22.000,00","0,00",0,0.0,0.0
1134,02.4.2024,"22.000,00",0,0,"22.000,00","0,00",0,0.0,0.0
1135,01.4.2024,"22.000,00",0,0,"22.000,00","0,00",0,0.0,0.0
1136,29.3.2024,"22.000,00",0,0,"22.000,00","0,00",0,0.0,0.0
1137,28.3.2024,"22.000,00",0,0,"22.000,00","0,00",0,0.0,0.0
1138,27.3.2024,"22.000,00",0,0,"22.000,00","0,00",0,0.0,0.0
1139,26.3.2024,"22.000,00",0,0,"22.000,00","0,00",0,0.0,0.0
1140,25.3.2024,"22.000,00",0,0,"22.000,00","0,00",0,0.0,0.0
1141,22.3.2024,"22.000,00",0,0,"22.000,00","0,00",0,0.0,0.0
1142,21.3.2024,"22.000,00",0,0,"22.000,00","0,00",0,0.0,0.0
1143,20.3.2024,"22.000,00",0,0,"22.000,00","0,00",0,0.0,0.0
1144,19.3.2024,"22.000,00",0,0,"22.000,00","0,00",0,0.0,0.0
1145,18.3.2024,"22.000,00",0,0,"22.000,00","0,00",0,0.0,0.0
1146,15.3.2024,"22.000,00",0,0,"22.000,00","0,00",0,0.0,0.0
1147,14.3.2024,"22.000,00",0,0,"22.000,00","0,00",0,0.0,0.0
1148,13.3.2024,"22.000,00",0,0,"22.000,00","0,00",0,0.0,0.0
1149,12.3.2024,"22.000,00",0,0,"22.000,00","0,00",0,0.0,0.0
1150,11.3.2024,"22.000,00",0,0,"22.000,00","0,00",0,0.0,0.0
1151,08.3.2024,"22.000,00",0,0,"22.000,00","0,00",0,0.0,0.0
1152,07.3.2024,"22.000,00",0,0,"22.000,00","0,00",0,0.0,0.0
1153,06.3.2024,"22.000,00",0,0,"22.000,00","0,00",0,0.0,0.0
1154,05.3.2024,"22.000,00",0,0,"22.000,00","0,00",0,0.0,0.0
1155,07.11.2024,"18.000,00",0,0,"18.000,00","0,00",0,0.0,0.0
1156,06.11.2024,"18.000,00",0,0,"18.000,00","0,00",0,0.0,0.0
1157,05.11.2024,"18.000,00",0,0,"18.000,00","0,00",0,0.0,0.0
1158,04.11.2024,"18.000,00",0,0,"18.000,00","0,00",0,0.0,0.0
1159,01.11.2024,"18.000,00",0,0,"18.000,00","0,00",0,0.0,0.0
1160,31.10.2024,"18.000,00",0,0,"18.000,00","0,00",0,0.0,0.0
1161,30.10.2024,"18.000,00",0,0,"18.000,00","0,00",0,0.0,0.0
1162,29.10.2024,"18.000,00",0,0,"18.000,00","0,00",0,0.0,0.0
1163,28.10.2024,"18.000,00",0,0,"18.000,00","0,00",0,0.0,0.0
1164,25.10.2024,"18.000,00",0,0,"18.000,00","0,00",0,0.0,0.0
1165,24.10.2024,"18.000,00",0,0,"18.000,00","0,00",0,0.0,0.0
1166,22.10.2024,"18.000,00",0,0,"18.000,00","0,00",0,0.0,0.0
1167,21.10.2024,"18.000,00",0,0,"18.000,00","0,00",0,0.0,0.0
1168,18.10.2024,"18.000,00",0,0,"18.000,00","0,00",0,0.0,0.0
1169,17.10.2024,"18.000,00",0,0,"18.000,00","0,00",0,0.0,0.0
1170,16.10.2024,"18.000,00",0,0,"18.000,00","0,00",0,0.0,0.0
1171,15.10.2024,"18.000,00",0,0,"18.000,00","0,00",0,0.0,0.0
1172,14.10.2024,"18.000,00",0,0,"18.000,00","0,00",0,0.0,0.0
1173,10.10.2024,"18.000,00",0,0,"18.000,00","0,00",0,0.0,0.0
1174,09.10.2024,"18.000,00",0,0,"18.000,00","0,00",0,0.0,0.0
1175,08.10.2024,"18.000,00",0,0,"18.000,00","0,00",0,0.0,0.0
1176,07.10.2024,"18.000,00",0,0,"18.000,00","0,00",0,0.0,0.0
1177,04.10.2024,"18.000,00",0,0,"18.000,00","0,00",0,0.0,0.0
1178,03.10.2024,"18.000,00",0,0,"18.000,00","0,00",0,0.0,0.0
1179,02.10.2024,"18.000,00",0,0,"18.000,00","0,00",0,0.0,0.0
1180,01.10.2024,"18.000,00",0,0,"18.000,00","0,00",0,0.0,0.0
1181,30.9.2024,"18.000,00",0,0,"18.000,00","0,00",0,0.0,0.0
1182,27.9.2024,"18.000,00",0,0,"18.000,00","0,00",0,0.0,0.0
1183,26.9.2024,"18.000,00",0,0,"18.000,00","0,00",0,0.0,0.0
1184,25.9.2024,"18.000,00",0,0,"18.000,00","0,00",0,0.0,0.0
1185,24.9.2024,"18.000,00",0,0,"18.000,00","0,00",0,0.0,0.0
1186,23.9.2024,"18.000,00",0,0,"18.000,00","0,00",0,0.0,0.0
1187,20.9.2024,"18.000,00",0,0,"18.000,00","0,00",0,0.0,0.0
1188,19.9.2024,"18.000,00",0,0,"18.000,00","0,00",0,0.0,0.0
1189,18.9.2024,"18.000,00",0,0,"18.000,00","0,00",0,0.0,0.0
1190,17.9.2024,"18.000,00",0,0,"18.000,00","0,00",0,0.0,0.0
1191,16.9.2024,"18.000,00",0,0,"18.000,00","0,00",0,0.0,0.0
1192,13.9.2024,"18.000,00",0,0,"18.000,00","0,00",0,0.0,0.0
1193,12.9.2024,"18.000,00",0,0,"18.000,00","0,00",0,0.0,0.0
1194,11.9.2024,"18.000,00",0,0,"18.000,00","0,00",0,0.0,0.0
1195,10.9.2024,"18.000,00",0,0,"18.000,00","0,00",0,0.0,0.0
1196,06.9.2024,"18.000,00",0,0,"18.000,00","0,00",0,0.0,0.0
1197,05.9.2024,"18.000,00",0,0,"18.000,00","0,00",0,0.0,0.0
1198,04.9.2024,"18.000,00",0,0,"18.000,00","0,00",0,0.0,0.0
1199,03.9.2024,"18.000,00",0,0,"18.000,00","0,00",0,0.0,0.0
1200,02.9.2024,"18.000,00",0,0,"18.000,00","0,00",0,0.0,0.0
1201,30.8.2024,"18.000,00",0,0,"18.000,00","0,00",0,0.0,0.0
1202,29.8.2024,"18.000,00",0,0,"18.000,00","0,00",0,0.0,0.0
1203,27.8.2024,"18.000,00",0,0,"18.000,00","0,00",0,0.0,0.0
1204,26.8.2024,"18.000,00",0,0,"18.000,00","0,00",0,0.0,0.0
1205,23.8.2024,"18.000,00",0,0,"18.000,00","0,00",0,0.0,0.0
1206,22.8.2024,"18.000,00",0,0,"18.000,00","0,00",0,0.0,0.0
1207,21.8.2024,"18.000,00",0,0,"18.000,00","0,00",0,0.0,0.0
1208,20.8.2024,"18.000,00",0,0,"18.000,00","0,00",0,0.0,0.0
1209,19.8.2024,"18.000,00",0,0,"18.000,00","0,00",0,0.0,0.0
1210,16.8.2024,"18.000,00",0,0,"18.000,00","0,00",0,0.0,0.0
1211,15.8.2024,"18.000,00",0,0,"18.000,00","0,00",0,0.0,0.0
1212,14.8.2024,"18.000,00",0,0,"18.000,00","0,00",0,0.0,0.0
1213,13.8.2024,"18.000,00",0,0,"18.000,00","0,00",0,0.0,0.0
1214,12.8.2024,"18.000,00",0,0,"18.000,00","0,00",0,0.0,0.0
1215,09.8.2024,"18.000,00",0,0,"18.000,00","0,00",0,0.0,0.0
1216,08.8.2024,"18.000,00",0,0,"18.000,00","0,00",0,0.0,0.0
1217,07.8.2024,"18.000,00",0,0,"18.000,00","0,00",0,0.0,0.0
1218,06.8.2024,"18.000,00",0,0,"18.000,00","0,00",0,0.0,0.0
1219,05.8.2024,"18.000,00",0,0,"18.000,00","0,00",0,0.0,0.0
1220,01.8.2024,"18.000,00",0,0,"18.000,00","0,00",0,0.0,0.0
1221,31.7.2024,"18.000,00",0,0,"18.000,00","0,00",0,0.0,0.0
1222,30.7.2024,"18.000,00",0,0,"18.000,00","0,00",0,0.0,0.0
1223,29.7.2024,"18.000,00",0,0,"18.000,00","0,00",0,0.0,0.0
1224,26.7.2024,"18.000,00",0,0,"18.000,00","0,00",0,0.0,0.0
1225,25.7.2024,"18.000,00",0,0,"18.000,00","0,00",0,0.0,0.0
1226,24.7.2024,"18.000,00",0,0,"18.000,00","0,00",0,0.0,0.0
1227,23.7.2024,"18.000,00",0,0,"18.000,00","0,00",0,0.0,0.0
1228,22.7.2024,"18.000,00",0,0,"18.000,00","0,00",0,0.0,0.0
1229,19.7.2024,"18.000,00",0,0,"18.000,00","0,00",0,0.0,0.0
1230,18.7.2024,"18.000,00",0,0,"18.000,00","0,00",0,0.0,0.0
1231,17.7.2024,"18.000,00",0,0,"18.000,00","0,00",0,0.0,0.0
1232,16.7.2024,"18.000,00",0,0,"18.000,00","0,00",0,0.0,0.0
1233,15.7.2024,"18.000,00",0,0,"18.000,00","0,00",0,0.0,0.0
1234,12.7.2024,"18.000,00",0,0,"18.000,00","0,00",0,0.0,0.0
1235,11.7.2024,"18.000,00",0,0,"18.000,00","0,00",0,0.0,0.0
1236,10.7.2024,"18.000,00",0,0,"18.000,00","0,00",0,0.0,0.0
1237,09.7.2024,"18.000,00",0,0,"18.000,00","0,00",0,0.0,0.0
1238,08.7.2024,"18.000,00",0,0,"18.000,00","0,00",0,0.0,0.0
1239,05.7.2024,"18.000,00",0,0,"18.000,00","0,00",0,0.0,0.0
1240,04.7.2024,"18.000,00",0,0,"18.000,00","0,00",0,0.0,0.0
1241,03.7.2024,"18.000,00",0,0,"18.000,00","0,00",0,0.0,0.0
1242,02.7.2024,"18.000,00",0,0,"18.000,00","0,00",0,0.0,0.0
1243,01.7.2024,"18.000,00",0,0,"18.000,00","0,00",0,0.0,0.0
1244,28.6.2024,"18.000,00",0,0,"18.000,00","0,00",0,0.0,0.0
1245,27.6.2024,"18.000,00",0,0,"18.000,00","0,00",0,0.0,0.0
1246,26.6.2024,"18.000,00",0,0,"18.000,00","0,00",0,0.0,0.0
1247,25.6.2024,"18.000,00",0,0,"18.000,00","0,00",0,0.0,0.0
1248,24.6.2024,"18.000,00",0,0,"18.000,00","0,00",0,0.0,0.0
1249,20.6.2024,"18.000,00",0,0,"18.000,00","0,00",0,0.0,0.0
1250,19.6.2024,"18.000,00",0,0,"18.000,00","0,00",0,0.0,0.0
1251,18.6.2024,"18.000,00",0,0,"18.000,00","0,00",0,0.0,0.0
1252,17.6.2024,"18.000,00",0,0,"18.000,00","0,00",0,0.0,0.0
1253,14.6.2024,"18.000,00",0,0,"18.000,00","0,00",0,0.0,0.0
1254,13.6.2024,"18.000,00",0,0,"18.000,00","0,00",0,0.0,0.0
1255,12.6.2024,"18.000,00",0,0,"18.000,00","0,00",0,0.0,0.0
1256,11.6.2024,"18.000,00",0,0,"18.000,00","0,00",0,0.0,0.0
1257,10.6.2024,"18.000,00",0,0,"18.000,00","0,00",0,0.0,0.0
1258,07.6.2024,"18.000,00",0,0,"18.000,00","0,00",0,0.0,0.0
1259,06.6.2024,"18.000,00",0,0,"18.000,00","0,00",0,0.0,0.0
1260,05.6.2024,"18.000,00",0,0,"18.000,00","0,00",0,0.0,0.0
1261,04.6.2024,"18.000,00",0,0,"18.000,00","0,00",0,0.0,0.0
1262,03.6.2024,"18.000,00",0,0,"18.000,00","0,00",0,0.0,0.0
1263,31.5.2024,"18.000,00",0,0,"18.000,00","0,00",0,0.0,0.0
1264,30.5.2024,"18.000,00",0,0,"18.000,00","0,00",0,0.0,0.0
1265,29.5.2024,"18.000,00",0,0,"18.000,00","0,00",0,0.0,0.0
1266,28.5.2024,"18.000,00",0,0,"18.000,00","0,00",0,0.0,0.0
1267,27.5.2024,"18.000,00",0,0,"18.000,00","0,00",0,0.0,0.0
1268,23.5.2024,"18.000,00",0,0,"18.000,00","0,00",0,0.0,0.0
1269,22.5.2024,"18.000,00",0,0,"18.000,00","0,00",0,0.0,0.0
1270,21.5.2024,"18.000,00",0,0,"18.000,00","0,00",0,0.0,0.0
1271,20.5.2024,"18.000,00",0,0,"18.000,00","0,00",0,0.0,0.0
1272,17.5.2024,"18.000,00",0,0,"18.000,00","0,00",0,0.0,0.0
1273,16.5.2024,"18.000,00",0,0,"18.000,00","0,00",0,0.0,0.0
1274,15.5.2024,"18.000,00",0,0,"18.000,00","0,00",0,0.0,0.0
1275,14.5.2024,"18.000,00",0,0,"18.000,00","0,00",0,0.0,0.0
1276,13.5.2024,"18.000,00",0,0,"18.000,00","0,00",0,0.0,0.0
1277,10.5.2024,"18.000,00",0,0,"18.000,00","0,00",0,0.0,0.0
1278,09.5.2024,"18.000,00",0,0,"18.000,00","0,00",0,0.0,0.0
1279,07.5.2024,"18.000,00",0,0,"18.000,00","0,00",0,0.0,0.0
1280,02.5.2024,"18.000,00",0,0,"18.000,00","0,00",0,0.0,0.0
1281,30.4.2024,"18.000,00",0,0,"18.000,00","0,00",0,0.0,0.0
1282,29.4.2024,"18.000,00",0,0,"18.000,00","0,00",0,0.0,0.0
1283,26.4.2024,"18.000,00",0,0,"18.000,00","0,00",0,0.0,0.0
1284,25.4.2024,"18.000,00","18.000,00","18.000,00","18.000,00","-18,18",10,180.0,180.0
1285,23.4.2024,"22.000,00",0,0,"22.000,00","0,00",0,0.0,0.0
1286,22.4.2024,"22.000,00",0,0,"22.000,00","0,00",0,0.0,0.0
1287,19.4.2024,"22.000,00",0,0,"22.000,00","0,00",0,0.0,0.0
1288,18.4.2024,"22.000,00",0,0,"22.000,00","0,00",0,0.0,0.0
1289,17.4.2024,"22.000,00",0,0,"22.000,00","0,00",0,0.0,0.0
1290,16.4.2024,"22.000,00",0,0,"22.000,00","0,00",0,0.0,0.0
1291,15.4.2024,"22.000,00",0,0,"22.000,00","0,00",0,0.0,0.0
1292,12.4.2024,"22.000,00",0,0,"22.000,00","0,00",0,0.0,0.0
1293,11.4.2024,"22.000,00",0,0,"22.000,00","0,00",0,0.0,0.0
1294,09.4.2024,"22.000,00",0,0,"22.000,00","0,00",0,0.0,0.0
1295,08.4.2024,"22.000,00",0,0,"22.000,00","0,00",0,0.0,0.0
1296,05.4.2024,"22.000,00",0,0,"22.000,00","0,00",0,0.0,0.0
1297,04.4.2024,"22.000,00",0,0,"22.000,00","0,00",0,0.0,0.0
1298,03.4.2024,"22.000,00",0,0,"22.000,00","0,00",0,0.0,0.0
1299,02.4.2024,"22.000,00",0,0,"22.000,00","0,00",0,0.0,0.0
1300,01.4.2024,"22.000,00",0,0,"22.000,00","0,00",0,0.0,0.0
1301,29.3.2024,"22.000,00",0,0,"22.000,00","0,00",0,0.0,0.0
1302,28.3.2024,"22.000,00",0,0,"22.000,00","0,00",0,0.0,0.0
1303,27.3.2024,"22.000,00",0,0,"22.000,00","0,00",0,0.0,0.0
1304,26.3.2024,"22.000,00",0,0,"22.000,00","0,00",0,0.0,0.0
1305,25.3.2024,"22.000,00",0,0,"22.000,00","0,00",0,0.0,0.0
1306,22.3.2024,"22.000,00",0,0,"22.000,00","0,00",0,0.0,0.0
1307,21.3.2024,"22.000,00",0,0,"22.000,00","0,00",0,0.0,0.0
1308,20.3.2024,"22.000,00",0,0,"22.000,00","0,00",0,0.0,0.0
1309,19.3.2024,"22.000,00",0,0,"22.000,00","0,00",0,0.0,0.0
1310,18.3.2024,"22.000,00",0,0,"22.000,00","0,00",0,0.0,0.0
1311,15.3.2024,"22.000,00",0,0,"22.000,00","0,00",0,0.0,0.0
1312,14.3.2024,"22.000,00",0,0,"22.000,00","0,00",0,0.0,0.0
1313,13.3.2024,"22.000,00",0,0,"22.000,00","0,00",0,0.0,0.0
1314,12.3.2024,"22.000,00",0,0,"22.000,00","0,00",0,0.0,0.0
1315,11.3.2024,"22.000,00",0,0,"22.000,00","0,00",0,0.0,0.0
1316,08.3.2024,"22.000,00",0,0,"22.000,00","0,00",0,0.0,0.0
1317,07.3.2024,"22.000,00",0,0,"22.000,00","0,00",0,0.0,0.0
1318,06.3.2024,"22.000,00",0,0,"22.000,00","0,00",0,0.0,0.0
1319,05.3.2024,"22.000,00",0,0,"22.000,00","0,00",0,0.0,0.0
1320,07.11.2024,"18.000,00",0,0,"18.000,00","0,00",0,0.0,0.0
1321,06.11.2024,"18.000,00",0,0,"18.000,00","0,00",0,0.0,0.0
1322,05.11.2024,"18.000,00",0,0,"18.000,00","0,00",0,0.0,0.0
1323,04.11.2024,"18.000,00",0,0,"18.000,00","0,00",0,0.0,0.0
1324,01.11.2024,"18.000,00",0,0,"18.000,00","0,00",0,0.0,0.0
1325,31.10.2024,"18.000,00",0,0,"18.000,00","0,00",0,0.0,0.0
1326,30.10.2024,"18.000,00",0,0,"18.000,00","0,00",0,0.0,0.0
1327,29.10.2024,"18.000,00",0,0,"18.000,00","0,00",0,0.0,0.0
1328,28.10.2024,"18.000,00",0,0,"18.000,00","0,00",0,0.0,0.0
1329,25.10.2024,"18.000,00",0,0,"18.000,00","0,00",0,0.0,0.0
1330,24.10.2024,"18.000,00",0,0,"18.000,00","0,00",0,0.0,0.0
1331,22.10.2024,"18.000,00",0,0,"18.000,00","0,00",0,0.0,0.0
1332,21.10.2024,"18.000,00",0,0,"18.000,00","0,00",0,0.0,0.0
1333,18.10.2024,"18.000,00",0,0,"18.000,00","0,00",0,0.0,0.0
1334,17.10.2024,"18.000,00",0,0,"18.000,00","0,00",0,0.0,0.0
1335,16.10.2024,"18.000,00",0,0,"18.000,00","0,00",0,0.0,0.0
1336,15.10.2024,"18.000,00",0,0,"18.000,00","0,00",0,0.0,0.0
1337,14.10.2024,"18.000,00",0,0,"18.000,00","0,00",0,0.0,0.0
1338,10.10.2024,"18.000,00",0,0,"18.000,00","0,00",0,0.0,0.0
1339,09.10.2024,"18.000,00",0,0,"18.000,00","0,00",0,0.0,0.0
1340,08.10.2024,"18.000,00",0,0,"18.000,00","0,00",0,0.0,0.0
1341,07.10.2024,"18.000,00",0,0,"18.000,00","0,00",0,0.0,0.0
1342,04.10.2024,"18.000,00",0,0,"18.000,00","0,00",0,0.0,0.0
1343,03.10.2024,"18.000,00",0,0,"18.000,00","0,00",0,0.0,0.0
1344,02.10.2024,"18.000,00",0,0,"18.000,00","0,00",0,0.0,0.0
1345,01.10.2024,"18.000,00",0,0,"18.000,00","0,00",0,0.0,0.0
1346,30.9.2024,"18.000,00",0,0,"18.000,00","0,00",0,0.0,0.0
1347,27.9.2024,"18.000,00",0,0,"18.000,00","0,00",0,0.0,0.0
1348,26.9.2024,"18.000,00",0,0,"18.000,00","0,00",0,0.0,0.0
1349,25.9.2024,"18.000,00",0,0,"18.000,00","0,00",0,0.0,0.0
1350,24.9.2024,"18.000,00",0,0,"18.000,00","0,00",0,0.0,0.0
1351,23.9.2024,"18.000,00",0,0,"18.000,00","0,00",0,0.0,0.0
1352,20.9.2024,"18.000,00",0,0,"18.000,00","0,00",0,0.0,0.0
1353,19.9.2024,"18.000,00",0,0,"18.000,00","0,00",0,0.0,0.0
1354,18.9.2024,"18.000,00",0,0,"18.000,00","0,00",0,0.0,0.0
1355,17.9.2024,"18.000,00",0,0,"18.000,00","0,00",0,0.0,0.0
1356,16.9.2024,"18.000,00",0,0,"18.000,00","0,00",0,0.0,0.0
1357,13.9.2024,"18.000,00",0,0,"18.000,00","0,00",0,0.0,0.0
1358,12.9.2024,"18.000,00",0,0,"18.000,00","0,00",0,0.0,0.0
1359,11.9.2024,"18.000,00",0,0,"18.000,00","0,00",0,0.0,0.0
1360,10.9.2024,"18.000,00",0,0,"18.000,00","0,00",0,0.0,0.0
1361,06.9.2024,"18.000,00",0,0,"18.000,00","0,00",0,0.0,0.0
1362,05.9.2024,"18.000,00",0,0,"18.000,00","0,00",0,0.0,0.0
1363,04.9.2024,"18.000,00",0,0,"18.000,00","0,00",0,0.0,0.0
1364,03.9.2024,"18.000,00",0,0,"18.000,00","0,00",0,0.0,0.0
1365,02.9.2024,"18.000,00",0,0,"18.000,00","0,00",0,0.0,0.0
1366,30.8.2024,"18.000,00",0,0,"18.000,00","0,00",0,0.0,0.0
1367,29.8.2024,"18.000,00",0,0,"18.000,00","0,00",0,0.0,0.0
1368,27.8.2024,"18.000,00",0,0,"18.000,00","0,00",0,0.0,0.0
1369,26.8.2024,"18.000,00",0,0,"18.000,00","0,00",0,0.0,0.0
1370,23.8.2024,"18.000,00",0,0,"18.000,00","0,00",0,0.0,0.0
1371,22.8.2024,"18.000,00",0,0,"18.000,00","0,00",0,0.0,0.0
1372,21.8.2024,"18.000,00",0,0,"18.000,00","0,00",0,0.0,0.0
1373,20.8.2024,"18.000,00",0,0,"18.000,00","0,00",0,0.0,0.0
1374,19.8.2024,"18.000,00",0,0,"18.000,00","0,00",0,0.0,0.0
1375,16.8.2024,"18.000,00",0,0,"18.000,00","0,00",0,0.0,0.0
1376,15.8.2024,"18.000,00",0,0,"18.000,00","0,00",0,0.0,0.0
1377,14.8.2024,"18.000,00",0,0,"18.000,00","0,00",0,0.0,0.0
1378,13.8.2024,"18.000,00",0,0,"18.000,00","0,00",0,0.0,0.0
1379,12.8.2024,"18.000,00",0,0,"18.000,00","0,00",0,0.0,0.0
1380,09.8.2024,"18.000,00",0,0,"18.000,00","0,00",0,0.0,0.0
1381,08.8.2024,"18.000,00",0,0,"18.000,00","0,00",0,0.0,0.0
1382,07.8.2024,"18.000,00",0,0,"18.000,00","0,00",0,0.0,0.0
1383,06.8.2024,"18.000,00",0,0,"18.000,00","0,00",0,0.0,0.0
1384,05.8.2024,"18.000,00",0,0,"18.000,00","0,00",0,0.0,0.0
1385,01.8.2024,"18.000,00",0,0,"18.000,00","0,00",0,0.0,0.0
1386,31.7.2024,"18.000,00",0,0,"18.000,00","0,00",0,0.0,0.0
1387,30.7.2024,"18.000,00",0,0,"18.000,00","0,00",0,0.0,0.0
1388,29.7.2024,"18.000,00",0,0,"18.000,00","0,00",0,0.0,0.0
1389,26.7.2024,"18.000,00",0,0,"18.000,00","0,00",0,0.0,0.0
1390,25.7.2024,"18.000,00",0,0,"18.000,00","0,00",0,0.0,0.0
1391,24.7.2024,"18.000,00",0,0,"18.000,00","0,00",0,0.0,0.0
1392,23.7.2024,"18.000,00",0,0,"18.000,00","0,00",0,0.0,0.0
1393,22.7.2024,"18.000,00",0,0,"18.000,00","0,00",0,0.0,0.0
1394,19.7.2024,"18.000,00",0,0,"18.000,00","0,00",0,0.0,0.0
1395,18.7.2024,"18.000,00",0,0,"18.000,00","0,00",0,0.0,0.0
1396,17.7.2024,"18.000,00",0,0,"18.000,00","0,00",0,0.0,0.0
1397,16.7.2024,"18.000,00",0,0,"18.000,00","0,00",0,0.0,0.0
1398,15.7.2024,"18.000,00",0,0,"18.000,00","0,00",0,0.0,0.0
1399,12.7.2024,"18.000,00",0,0,"18.000,00","0,00",0,0.0,0.0
1400,11.7.2024,"18.000,00",0,0,"18.000,00","0,00",0,0.0,0.0
1401,10.7.2024,"18.000,00",0,0,"18.000,00","0,00",0,0.0,0.0
1402,09.7.2024,"18.000,00",0,0,"18.000,00","0,00",0,0.0,0.0
1403,08.7.2024,"18.000,00",0,0,"18.000,00","0,00",0,0.0,0.0
1404,05.7.2024,"18.000,00",0,0,"18.000,00","0,00",0,0.0,0.0
1405,04.7.2024,"18.000,00",0,0,"18.000,00","0,00",0,0.0,0.0
1406,03.7.2024,"18.000,00",0,0,"18.000,00","0,00",0,0.0,0.0
1407,02.7.2024,"18.000,00",0,0,"18.000,00","0,00",0,0.0,0.0
1408,01.7.2024,"18.000,00",0,0,"18.000,00","0,00",0,0.0,0.0
1409,28.6.2024,"18.000,00",0,0,"18.000,00","0,00",0,0.0,0.0
1410,27.6.2024,"18.000,00",0,0,"18.000,00","0,00",0,0.0,0.0
1411,26.6.2024,"18.000,00",0,0,"18.000,00","0,00",0,0.0,0.0
1412,25.6.2024,"18.000,00",0,0,"18.000,00","0,00",0,0.0,0.0
1413,24.6.2024,"18.000,00",0,0,"18.000,00","0,00",0,0.0,0.0
1414,20.6.2024,"18.000,00",0,0,"18.000,00","0,00",0,0.0,0.0
1415,19.6.2024,"18.000,00",0,0,"18.000,00","0,00",0,0.0,0.0
1416,18.6.2024,"18.000,00",0,0,"18.000,00","0,00",0,0.0,0.0
1417,17.6.2024,"18.000,00",0,0,"18.000,00","0,00",0,0.0,0.0
1418,14.6.2024,"18.000,00",0,0,"18.000,00","0,00",0,0.0,0.0
1419,13.6.2024,"18.000,00",0,0,"18.000,00","0,00",0,0.0,0.0
1420,12.6.2024,"18.000,00",0,0,"18.000,00","0,00",0,0.0,0.0
1421,11.6.2024,"18.000,00",0,0,"18.000,00","0,00",0,0.0,0.0
1422,10.6.2024,"18.000,00",0,0,"18.000,00","0,00",0,0.0,0.0
1423,07.6.2024,"18.000,00",0,0,"18.000,00","0,00",0,0.0,0.0
1424,06.6.2024,"18.000,00",0,0,"18.000,00","0,00",0,0.0,0.0
1425,05.6.2024,"18.000,00",0,0,"18.000,00","0,00",0,0.0,0.0
1426,04.6.2024,"18.000,00",0,0,"18.000,00","0,00",0,0.0,0.0
1427,03.6.2024,"18.000,00",0,0,"18.000,00","0,00",0,0.0,0.0
1428,31.5.2024,"18.000,00",0,0,"18.000,00","0,00",0,0.0,0.0
1429,30.5.2024,"18.000,00",0,0,"18.000,00","0,00",0,0.0,0.0
1430,29.5.2024,"18.000,00",0,0,"18.000,00","0,00",0,0.0,0.0
1431,28.5.2024,"18.000,00",0,0,"18.000,00","0,00",0,0.0,0.0
1432,27.5.2024,"18.000,00",0,0,"18.000,00","0,00",0,0.0,0.0
1433,23.5.2024,"18.000,00",0,0,"18.000,00","0,00",0,0.0,0.0
1434,22.5.2024,"18.000,00",0,0,"18.000,00","0,00",0,0.0,0.0
1435,21.5.2024,"18.000,00",0,0,"18.000,00","0,00",0,0.0,0.0
1436,20.5.2024,"18.000,00",0,0,"18.000,00","0,00",0,0.0,0.0
1437,17.5.2024,"18.000,00",0,0,"18.000,00","0,00",0,0.0,0.0
1438,16.5.2024,"18.000,00",0,0,"18.000,00","0,00",0,0.0,0.0
1439,15.5.2024,"18.000,00",0,0,"18.000,00","0,00",0,0.0,0.0
1440,14.5.2024,"18.000,00",0,0,"18.000,00","0,00",0,0.0,0.0
1441,13.5.2024,"18.000,00",0,0,"18.000,00","0,00",0,0.0,0.0
1442,10.5.2024,"18.000,00",0,0,"18.000,00","0,00",0,0.0,0.0
1443,09.5.2024,"18.000,00",0,0,"18.000,00","0,00",0,0.0,0.0
1444,07.5.2024,"18.000,00",0,0,"18.000,00","0,00",0,0.0,0.0
1445,02.5.2024,"18.000,00",0,0,"18.000,00","0,00",0,0.0,0.0
1446,30.4.2024,"18.000,00",0,0,"18.000,00","0,00",0,0.0,0.0
1447,29.4.2024,"18.000,00",0,0,"18.000,00","0,00",0,0.0,0.0
1448,26.4.2024,"18.000,00",0,0,"18.000,00","0,00",0,0.0,0.0
1449,25.4.2024,"18.000,00","18.000,00","18.000,00","18.000,00","-18,18",10,180.0,180.0
1450,23.4.2024,"22.000,00",0,0,"22.000,00","0,00",0,0.0,0.0
1451,22.4.2024,"22.000,00",0,0,"22.000,00","0,00",0,0.0,0.0
1452,19.4.2024,"22.000,00",0,0,"22.000,00","0,00",0,0.0,0.0
1453,18.4.2024,"22.000,00",0,0,"22.000,00","0,00",0,0.0,0.0
1454,17.4.2024,"22.000,00",0,0,"22.000,00","0,00",0,0.0,0.0
1455,16.4.2024,"22.000,00",0,0,"22.000,00","0,00",0,0.0,0.0
1456,15.4.2024,"22.000,00",0,0,"22.000,00","0,00",0,0.0,0.0
1457,12.4.2024,"22.000,00",0,0,"22.000,00","0,00",0,0.0,0.0
1458,11.4.2024,"22.000,00",0,0,"22.000,00","0,00",0,0.0,0.0
1459,09.4.2024,"22.000,00",0,0,"22.000,00","0,00",0,0.0,0.0
1460,08.4.2024,"22.000,00",0,0,"22.000,00","0,00",0,0.0,0.0
1461,05.4.2024,"22.000,00",0,0,"22.000,00","0,00",0,0.0,0.0
1462,04.4.2024,"22.000,00",0,0,"22.000,00","0,00",0,0.0,0.0
1463,03.4.2024,"22.000,00",0,0,"22.000,00","0,00",0,0.0,0.0
1464,02.4.2024,"22.000,00",0,0,"22.000,00","0,00",0,0.0,0.0
1465,01.4.2024,"22.000,00",0,0,"22.000,00","0,00",0,0.0,0.0
1466,29.3.2024,"22.000,00",0,0,"22.000,00","0,00",0,0.0,0.0
1467,28.3.2024,"22.000,00",0,0,"22.000,00","0,00",0,0.0,0.0
1468,27.3.2024,"22.000,00",0,0,"22.000,00","0,00",0,0.0,0.0
1469,26.3.2024,"22.000,00",0,0,"22.000,00","0,00",0,0.0,0.0
1470,25.3.2024,"22.000,00",0,0,"22.000,00","0,00",0,0.0,0.0
1471,22.3.2024,"22.000,00",0,0,"22.000,00","0,00",0,0.0,0.0
1472,21.3.2024,"22.000,00",0,0,"22.000,00","0,00",0,0.0,0.0
1473,20.3.2024,"22.000,00",0,0,"22.000,00","0,00",0,0.0,0.0
1474,19.3.2024,"22.000,00",0,0,"22.000,00","0,00",0,0.0,0.0
1475,18.3.2024,"22.000,00",0,0,"22.000,00","0,00",0,0.0,0.0
1476,15.3.2024,"22.000,00",0,0,"22.000,00","0,00",0,0.0,0.0
1477,14.3.2024,"22.000,00",0,0,"22.000,00","0,00",0,0.0,0.0
1478,13.3.2024,"22.000,00",0,0,"22.000,00","0,00",0,0.0,0.0
1479,12.3.2024,"22.000,00",0,0,"22.000,00","0,00",0,0.0,0.0
1480,11.3.2024,"22.000,00",0,0,"22.000,00","0,00",0,0.0,0.0
1481,08.3.2024,"22.000,00",0,0,"22.000,00","0,00",0,0.0,0.0
1482,07.3.2024,"22.000,00",0,0,"22.000,00","0,00",0,0.0,0.0
1483,06.3.2024,"22.000,00",0,0,"22.000,00","0,00",0,0.0,0.0
1484,05.3.2024,"22.000,00",0,0,"22.000,00","0,00",0,0.0,0.0
1485,07.11.2024,"18.000,00",0,0,"18.000,00","0,00",0,0.0,0.0
1486,06.11.2024,"18.000,00",0,0,"18.000,00","0,00",0,0.0,0.0
1487,05.11.2024,"18.000,00",0,0,"18.000,00","0,00",0,0.0,0.0
1488,04.11.2024,"18.000,00",0,0,"18.000,00","0,00",0,0.0,0.0
1489,01.11.2024,"18.000,00",0,0,"18.000,00","0,00",0,0.0,0.0
1490,31.10.2024,"18.000,00",0,0,"18.000,00","0,00",0,0.0,0.0
1491,30.10.2024,"18.000,00",0,0,"18.000,00","0,00",0,0.0,0.0
1492,29.10.2024,"18.000,00",0,0,"18.000,00","0,00",0,0.0,0.0
1493,28.10.2024,"18.000,00",0,0,"18.000,00","0,00",0,0.0,0.0
1494,25.10.2024,"18.000,00",0,0,"18.000,00","0,00",0,0.0,0.0
1495,24.10.2024,"18.000,00",0,0,"18.000,00","0,00",0,0.0,0.0
1496,22.10.2024,"18.000,00",0,0,"18.000,00","0,00",0,0.0,0.0
1497,21.10.2024,"18.000,00",0,0,"18.000,00","0,00",0,0.0,0.0
1498,18.10.2024,"18.000,00",0,0,"18.000,00","0,00",0,0.0,0.0
1499,17.10.2024,"18.000,00",0,0,"18.000,00","0,00",0,0.0,0.0
1500,16.10.2024,"18.000,00",0,0,"18.000,00","0,00",0,0.0,0.0
1501,15.10.2024,"18.000,00",0,0,"18.000,00","0,00",0,0.0,0.0
1502,14.10.2024,"18.000,00",0,0,"18.000,00","0,00",0,0.0,0.0
1503,10.10.2024,"18.000,00",0,0,"18.000,00","0,00",0,0.0,0.0
1504,09.10.2024,"18.000,00",0,0,"18.000,00","0,00",0,0.0,0.0
1505,08.10.2024,"18.000,00",0,0,"18.000,00","0,00",0,0.0,0.0
1506,07.10.2024,"18.000,00",0,0,"18.000,00","0,00",0,0.0,0.0
1507,04.10.2024,"18.000,00",0,0,"18.000,00","0,00",0,0.0,0.0
1508,03.10.2024,"18.000,00",0,0,"18.000,00","0,00",0,0.0,0.0
1509,02.10.2024,"18.000,00",0,0,"18.000,00","0,00",0,0.0,0.0
1510,01.10.2024,"18.000,00",0,0,"18.000,00","0,00",0,0.0,0.0
1511,30.9.2024,"18.000,00",0,0,"18.000,00","0,00",0,0.0,0.0
1512,27.9.2024,"18.000,00",0,0,"18.000,00","0,00",0,0.0,0.0
1513,26.9.2024,"18.000,00",0,0,"18.000,00","0,00",0,0.0,0.0
1514,25.9.2024,"18.000,00",0,0,"18.000,00","0,00",0,0.0,0.0
1515,24.9.2024,"18.000,00",0,0,"18.000,00","0,00",0,0.0,0.0
1516,23.9.2024,"18.000,00",0,0,"18.000,00","0,00",0,0.0,0.0
1517,20.9.2024,"18.000,00",0,0,"18.000,00","0,00",0,0.0,0.0
1518,19.9.2024,"18.000,00",0,0,"18.000,00","0,00",0,0.0,0.0
1519,18.9.2024,"18.000,00",0,0,"18.000,00","0,00",0,0.0,0.0
1520,17.9.2024,"18.000,00",0,0,"18.000,00","0,00",0,0.0,0.0
1521,16.9.2024,"18.000,00",0,0,"18.000,00","0,00",0,0.0,0.0
1522,13.9.2024,"18.000,00",0,0,"18.000,00","0,00",0,0.0,0.0
1523,12.9.2024,"18.000,00",0,0,"18.000,00","0,00",0,0.0,0.0
1524,11.9.2024,"18.000,00",0,0,"18.000,00","0,00",0,0.0,0.0
1525,10.9.2024,"18.000,00",0,0,"18.000,00","0,00",0,0.0,0.0
1526,06.9.2024,"18.000,00",0,0,"18.000,00","0,00",0,0.0,0.0
1527,05.9.2024,"18.000,00",0,0,"18.000,00","0,00",0,0.0,0.0
1528,04.9.2024,"18.000,00",0,0,"18.000,00","0,00",0,0.0,0.0
1529,03.9.2024,"18.000,00",0,0,"18.000,00","0,00",0,0.0,0.0
1530,02.9.2024,"18.000,00",0,0,"18.000,00","0,00",0,0.0,0.0
1531,30.8.2024,"18.000,00",0,0,"18.000,00","0,00",0,0.0,0.0
1532,29.8.2024,"18.000,00",0,0,"18.000,00","0,00",0,0.0,0.0
1533,27.8.2024,"18.000,00",0,0,"18.000,00","0,00",0,0.0,0.0
1534,26.8.2024,"18.000,00",0,0,"18.000,00","0,00",0,0.0,0.0
1535,23.8.2024,"18.000,00",0,0,"18.000,00","0,00",0,0.0,0.0
1536,22.8.2024,"18.000,00",0,0,"18.000,00","0,00",0,0.0,0.0
1537,21.8.2024,"18.000,00",0,0,"18.000,00","0,00",0,0.0,0.0
1538,20.8.2024,"18.000,00",0,0,"18.000,00","0,00",0,0.0,0.0
1539,19.8.2024,"18.000,00",0,0,"18.000,00","0,00",0,0.0,0.0
1540,16.8.2024,"18.000,00",0,0,"18.000,00","0,00",0,0.0,0.0
1541,15.8.2024,"18.000,00",0,0,"18.000,00","0,00",0,0.0,0.0
1542,14.8.2024,"18.000,00",0,0,"18.000,00","0,00",0,0.0,0.0
1543,13.8.2024,"18.000,00",0,0,"18.000,00","0,00",0,0.0,0.0
1544,12.8.2024,"18.000,00",0,0,"18.000,00","0,00",0,0.0,0.0
1545,09.8.2024,"18.000,00",0,0,"18.000,00","0,00",0,0.0,0.0
1546,08.8.2024,"18.000,00",0,0,"18.000,00","0,00",0,0.0,0.0
1547,07.8.2024,"18.000,00",0,0,"18.000,00","0,00",0,0.0,0.0
1548,06.8.2024,"18.000,00",0,0,"18.000,00","0,00",0,0.0,0.0
1549,05.8.2024,"18.000,00",0,0,"18.000,00","0,00",0,0.0,0.0
1550,01.8.2024,"18.000,00",0,0,"18.000,00","0,00",0,0.0,0.0
1551,31.7.2024,"18.000,00",0,0,"18.000,00","0,00",0,0.0,0.0
1552,30.7.2024,"18.000,00",0,0,"18.000,00","0,00",0,0.0,0.0
1553,29.7.2024,"18.000,00",0,0,"18.000,00","0,00",0,0.0,0.0
1554,26.7.2024,"18.000,00",0,0,"18.000,00","0,00",0,0.0,0.0
1555,25.7.2024,"18.000,00",0,0,"18.000,00","0,00",0,0.0,0.0
1556,24.7.2024,"18.000,00",0,0,"18.000,00","0,00",0,0.0,0.0
1557,23.7.2024,"18.000,00",0,0,"18.000,00","0,00",0,0.0,0.0
1558,22.7.2024,"18.000,00",0,0,"18.000,00","0,00",0,0.0,0.0
1559,19.7.2024,"18.000,00",0,0,"18.000,00","0,00",0,0.0,0.0
1560,18.7.2024,"18.000,00",0,0,"18.000,00","0,00",0,0.0,0.0
1561,17.7.2024,"18.000,00",0,0,"18.000,00","0,00",0,0.0,0.0
1562,16.7.2024,"18.000,00",0,0,"18.000,00","0,00",0,0.0,0.0
1563,15.7.2024,"18.000,00",0,0,"18.000,00","0,00",0,0.0,0.0
1564,12.7.2024,"18.000,00",0,0,"18.000,00","0,00",0,0.0,0.0
1565,11.7.2024,"18.000,00",0,0,"18.000,00","0,00",0,0.0,0.0
1566,10.7.2024,"18.000,00",0,0,"18.000,00","0,00",0,0.0,0.0
1567,09.7.2024,"18.000,00",0,0,"18.000,00","0,00",0,0.0,0.0
1568,08.7.2024,"18.000,00",0,0,"18.000,00","0,00",0,0.0,0.0
1569,05.7.2024,"18.000,00",0,0,"18.000,00","0,00",0,0.0,0.0
1570,04.7.2024,"18.000,00",0,0,"18.000,00","0,00",0,0.0,0.0
1571,03.7.2024,"18.000,00",0,0,"18.000,00","0,00",0,0.0,0.0
1572,02.7.2024,"18.000,00",0,0,"18.000,00","0,00",0,0.0,0.0
1573,01.7.2024,"18.000,00",0,0,"18.000,00","0,00",0,0.0,0.0
1574,28.6.2024,"18.000,00",0,0,"18.000,00","0,00",0,0.0,0.0
1575,27.6.2024,"18.000,00",0,0,"18.000,00","0,00",0,0.0,0.0
1576,26.6.2024,"18.000,00",0,0,"18.000,00","0,00",0,0.0,0.0
1577,25.6.2024,"18.000,00",0,0,"18.000,00","0,00",0,0.0,0.0
1578,24.6.2024,"18.000,00",0,0,"18.000,00","0,00",0,0.0,0.0
1579,20.6.2024,"18.000,00",0,0,"18.000,00","0,00",0,0.0,0.0
1580,19.6.2024,"18.000,00",0,0,"18.000,00","0,00",0,0.0,0.0
1581,18.6.2024,"18.000,00",0,0,"18.000,00","0,00",0,0.0,0.0
1582,17.6.2024,"18.000,00",0,0,"18.000,00","0,00",0,0.0,0.0
1583,14.6.2024,"18.000,00",0,0,"18.000,00","0,00",0,0.0,0.0
1584,13.6.2024,"18.000,00",0,0,"18.000,00","0,00",0,0.0,0.0
1585,12.6.2024,"18.000,00",0,0,"18.000,00","0,00",0,0.0,0.0
1586,11.6.2024,"18.000,00",0,0,"18.000,00","0,00",0,0.0,0.0
1587,10.6.2024,"18.000,00",0,0,"18.000,00","0,00",0,0.0,0.0
1588,07.6.2024,"18.000,00",0,0,"18.000,00","0,00",0,0.0,0.0
1589,06.6.2024,"18.000,00",0,0,"18.000,00","0,00",0,0.0,0.0
1590,05.6.2024,"18.000,00",0,0,"18.000,00","0,00",0,0.0,0.0
1591,04.6.2024,"18.000,00",0,0,"18.000,00","0,00",0,0.0,0.0
1592,03.6.2024,"18.000,00",0,0,"18.000,00","0,00",0,0.0,0.0
1593,31.5.2024,"18.000,00",0,0,"18.000,00","0,00",0,0.0,0.0
1594,30.5.2024,"18.000,00",0,0,"18.000,00","0,00",0,0.0,0.0
1595,29.5.2024,"18.000,00",0,0,"18.000,00","0,00",0,0.0,0.0
1596,28.5.2024,"18.000,00",0,0,"18.000,00","0,00",0,0.0,0.0
1597,27.5.2024,"18.000,00",0,0,"18.000,00","0,00",0,0.0,0.0
1598,23.5.2024,"18.000,00",0,0,"18.000,00","0,00",0,0.0,0.0
1599,22.5.2024,"18.000,00",0,0,"18.000,00","0,00",0,0.0,0.0
1600,21.5.2024,"18.000,00",0,0,"18.000,00","0,00",0,0.0,0.0
1601,20.5.2024,"18.000,00",0,0,"18.000,00","0,00",0,0.0,0.0
1602,17.5.2024,"18.000,00",0,0,"18.000,00","0,00",0,0.0,0.0
1603,16.5.2024,"18.000,00",0,0,"18.000,00","0,00",0,0.0,0.0
1604,15.5.2024,"18.000,00",0,0,"18.000,00","0,00",0,0.0,0.0
1605,14.5.2024,"18.000,00",0,0,"18.000,00","0,00",0,0.0,0.0
1606,13.5.2024,"18.000,00",0,0,"18.000,00","0,00",0,0.0,0.0
1607,10.5.2024,"18.000,00",0,0,"18.000,00","0,00",0,0.0,0.0
1608,09.5.2024,"18.000,00",0,0,"18.000,00","0,00",0,0.0,0.0
1609,07.5.2024,"18.000,00",0,0,"18.000,00","0,00",0,0.0,0.0
1610,02.5.2024,"18.000,00",0,0,"18.000,00","0,00",0,0.0,0.0
1611,30.4.2024,"18.000,00",0,0,"18.000,00","0,00",0,0.0,0.0
1612,29.4.2024,"18.000,00",0,0,"18.000,00","0,00",0,0.0,0.0
1613,26.4.2024,"18.000,00",0,0,"18.000,00","0,00",0,0.0,0.0
1614,25.4.2024,"18.000,00","18.000,00","18.000,00","18.000,00","-18,18",10,180.0,180.0
1615,23.4.2024,"22.000,00",0,0,"22.000,00","0,00",0,0.0,0.0
1616,22.4.2024,"22.000,00",0,0,"22.000,00","0,00",0,0.0,0.0
1617,19.4.2024,"22.000,00",0,0,"22.000,00","0,00",0,0.0,0.0
1618,18.4.2024,"22.000,00",0,0,"22.000,00","0,00",0,0.0,0.0
1619,17.4.2024,"22.000,00",0,0,"22.000,00","0,00",0,0.0,0.0
1620,16.4.2024,"22.000,00",0,0,"22.000,00","0,00",0,0.0,0.0
1621,15.4.2024,"22.000,00",0,0,"22.000,00","0,00",0,0.0,0.0
1622,12.4.2024,"22.000,00",0,0,"22.000,00","0,00",0,0.0,0.0
1623,11.4.2024,"22.000,00",0,0,"22.000,00","0,00",0,0.0,0.0
1624,09.4.2024,"22.000,00",0,0,"22.000,00","0,00",0,0.0,0.0
1625,08.4.2024,"22.000,00",0,0,"22.000,00","0,00",0,0.0,0.0
1626,05.4.2024,"22.000,00",0,0,"22.000,00","0,00",0,0.0,0.0
1627,04.4.2024,"22.000,00",0,0,"22.000,00","0,00",0,0.0,0.0
1628,03.4.2024,"22.000,00",0,0,"22.000,00","0,00",0,0.0,0.0
1629,02.4.2024,"22.000,00",0,0,"22.000,00","0,00",0,0.0,0.0
1630,01.4.2024,"22.000,00",0,0,"22.000,00","0,00",0,0.0,0.0
1631,29.3.2024,"22.000,00",0,0,"22.000,00","0,00",0,0.0,0.0
1632,28.3.2024,"22.000,00",0,0,"22.000,00","0,00",0,0.0,0.0
1633,27.3.2024,"22.000,00",0,0,"22.000,00","0,00",0,0.0,0.0
1634,26.3.2024,"22.000,00",0,0,"22.000,00","0,00",0,0.0,0.0
1635,25.3.2024,"22.000,00",0,0,"22.000,00","0,00",0,0.0,0.0
1636,22.3.2024,"22.000,00",0,0,"22.000,00","0,00",0,0.0,0.0
1637,21.3.2024,"22.000,00",0,0,"22.000,00","0,00",0,0.0,0.0
1638,20.3.2024,"22.000,00",0,0,"22.000,00","0,00",0,0.0,0.0
1639,19.3.2024,"22.000,00",0,0,"22.000,00","0,00",0,0.0,0.0
1640,18.3.2024,"22.000,00",0,0,"22.000,00","0,00",0,0.0,0.0
1641,15.3.2024,"22.000,00",0,0,"22.000,00","0,00",0,0.0,0.0
1642,14.3.2024,"22.000,00",0,0,"22.000,00","0,00",0,0.0,0.0
1643,13.3.2024,"22.000,00",0,0,"22.000,00","0,00",0,0.0,0.0
1644,12.3.2024,"22.000,00",0,0,"22.000,00","0,00",0,0.0,0.0
1645,11.3.2024,"22.000,00",0,0,"22.000,00","0,00",0,0.0,0.0
1646,08.3.2024,"22.000,00",0,0,"22.000,00","0,00",0,0.0,0.0
1647,07.3.2024,"22.000,00",0,0,"22.000,00","0,00",0,0.0,0.0
1648,06.3.2024,"22.000,00",0,0,"22.000,00","0,00",0,0.0,0.0
1649,05.3.2024,"22.000,00",0,0,"22.000,00","0,00",0,0.0,0.0
